node_id,wiki,title,governance_class
dewiki:645942,dewiki,Datenschutz,Other
dewiki:4731597,dewiki,GNU_Free_Documentation_License/1.3,Other
dewiki:4831372,dewiki,Verhalten_im_Notfall,Other
dewiki:6506037,dewiki,Sperrprüfung,Other
dewiki:3542,dewiki,Neutraler_Standpunkt,content
dewiki:4319,dewiki,Namenskonventionen,content
dewiki:5484,dewiki,Formatierung,content
dewiki:5656,dewiki,Was_Wikipedia_nicht_ist,content
dewiki:7637,dewiki,Begriffsklärung,content
dewiki:8082,dewiki,Fremdwortformatierung,content
dewiki:8085,dewiki,Verlinken,content
dewiki:8097,dewiki,Datumskonventionen,content
dewiki:8130,dewiki,Wie_schreibe_ich_gute_Artikel,content
dewiki:11506,dewiki,Listen,content
dewiki:18339,dewiki,Spoilerwarnung,content
dewiki:23138,dewiki,Literatur,content
dewiki:24927,dewiki,Formatvorlage_Begriffsklärung,content
dewiki:26326,dewiki,Archiv/Richtlinien_für_die_Namensgebung:Singular-Plural-Debatte,content
dewiki:26677,dewiki,Wikipedia_ist_kein_Wörterbuch,content
dewiki:27959,dewiki,Assoziative_Verweise,content
dewiki:31387,dewiki,Zitate,content
dewiki:33092,dewiki,Rechtschreibung,content
dewiki:34222,dewiki,Weblinks,content
dewiki:34226,dewiki,Schreibweise_von_Zahlen,content
dewiki:44853,dewiki,Barrierefreiheit,content
dewiki:64352,dewiki,Namenskonventionen/Koreanisch,content
dewiki:64747,dewiki,Namenskonventionen/Chinesisch,content
dewiki:100139,dewiki,Namenskonventionen/Arabisch,content
dewiki:101373,dewiki,Richtlinien_Biologie,content
dewiki:169783,dewiki,Artikel,content
dewiki:179274,dewiki,Lückenhaft,content
dewiki:202354,dewiki,Übersetzungen,content
dewiki:210899,dewiki,Namenskonventionen/Japanisch,content
dewiki:224676,dewiki,Kategorien,content
dewiki:260947,dewiki,Namenskonventionen/Hebräisch,content
dewiki:307778,dewiki,Artikel_über_Schulen,content
dewiki:354115,dewiki,Richtlinien_Wirtschaft,content
dewiki:442115,dewiki,Typografie,content
dewiki:517185,dewiki,Bildrechte,content
dewiki:606686,dewiki,Richtlinien_Chemie,content
dewiki:634301,dewiki,Allgemeinverständlichkeit,content
dewiki:637799,dewiki,Shortcuts,content
dewiki:686792,dewiki,Namenskonventionen/Indien,content
dewiki:749816,dewiki,Formatvorlage_Charts,content
dewiki:788000,dewiki,Richtlinien_Studentenverbindungen,content
dewiki:831948,dewiki,Artikel_illustrieren,content
dewiki:855208,dewiki,Belege,content
dewiki:855432,dewiki,Urheberrechte_beachten,content
dewiki:902244,dewiki,Wie_gute_Artikel_aussehen,content
dewiki:913158,dewiki,Portale,content
dewiki:1034176,dewiki,Richtlinien_Fiktives,content
dewiki:1097461,dewiki,Textplagiat,content
dewiki:1124761,dewiki,Namenskonventionen/Neugriechisch,content
dewiki:1200725,dewiki,Weiterleitung,content
dewiki:1213896,dewiki,Schwesterprojekte,content
dewiki:1317234,dewiki,Namenskonventionen/Tibetisch,content
dewiki:1488248,dewiki,Keine_Theoriefindung,content
dewiki:1553871,dewiki,Formatvorlage_Biografie,content
dewiki:1586763,dewiki,Systematik,content
dewiki:1586765,dewiki,Themenbereiche,content
dewiki:1842815,dewiki,Richtlinien,content
dewiki:2212100,dewiki,Namenskonventionen/Kategorien,content
dewiki:2412669,dewiki,Namenskonventionen/Schienenfahrzeuge,content
dewiki:2744605,dewiki,Relevanzkriterien,content
dewiki:2934080,dewiki,Enzyklopädische_Fotografie,content
dewiki:2944364,dewiki,Richtlinien_Software,content
dewiki:3195466,dewiki,Richtlinien_Literarische_Werke,content
dewiki:3202362,dewiki,Richtlinien_Geschichte,content
dewiki:3412868,dewiki,Richtlinien_Websites,content
dewiki:3416034,dewiki,Richtlinien_Computerspiele,content
dewiki:3420422,dewiki,Vermeide_hohle_Phrasen,content
dewiki:3511292,dewiki,Richtlinien_Südosteuropa,content
dewiki:3601229,dewiki,Redaktion_Medizin/Leitlinien,content
dewiki:3651599,dewiki,Vermeide_Selbstreferenzen,content
dewiki:3678409,dewiki,WikiProjekt_Portale/A-Z,content
dewiki:3825314,dewiki,Richtlinien_E-Sport,content
dewiki:4407589,dewiki,Redaktion_Film_und_Fernsehen/Richtlinien,content
dewiki:4682401,dewiki,Richtlinien_Comics,content
dewiki:4721435,dewiki,Redaktion_Musik/Leitfaden_Musikartikel,content
dewiki:5461553,dewiki,Richtlinien_Physik,content
dewiki:5822313,dewiki,Redaktion_Recht/Richtlinien,content
dewiki:6543982,dewiki,Formatvorlage/Musterartikel,content
dewiki:7354372,dewiki,Zitierregeln,content
dewiki:12614698,dewiki,Namenskonventionen/Schiffe,content
dewiki:13777131,dewiki,Künstliche_Intelligenz,content
dewiki:7763,dewiki,Administratoren,user-admin
dewiki:28686,dewiki,Meinungsbilder,user-admin
dewiki:44373,dewiki,Geschützte_Seiten,user-admin
dewiki:71249,dewiki,Löschregeln,user-admin
dewiki:76323,dewiki,Haftungsausschluss,user-admin
dewiki:131490,dewiki,Schnelllöschantrag,user-admin
dewiki:209980,dewiki,Wirres_Zeug,user-admin
dewiki:257208,dewiki,Bots,user-admin
dewiki:258824,dewiki,Interessenkonflikt,user-admin
dewiki:278002,dewiki,Umfragen,user-admin
dewiki:300129,dewiki,Löschantrag_entfernen,user-admin
dewiki:626557,dewiki,Bürokraten,user-admin
dewiki:653068,dewiki,Stimmberechtigung,user-admin
dewiki:878006,dewiki,Checkuser,user-admin
dewiki:1120805,dewiki,Pressemitteilungen/FAQ_Semi-protection_policy,user-admin
dewiki:1250226,dewiki,Hinweis_Gesundheitsthemen,user-admin
dewiki:1621544,dewiki,Support-Team,user-admin
dewiki:1742427,dewiki,Gesichtete_Versionen,user-admin
dewiki:1840870,dewiki,Willkommen,user-admin
dewiki:2506359,dewiki,Office_Action,user-admin
dewiki:2512043,dewiki,Mentorenprogramm,user-admin
dewiki:2654225,dewiki,Administratoren/De-Admin,user-admin
dewiki:2931927,dewiki,Versionslöschung,user-admin
dewiki:3477233,dewiki,Keine_offenen_Proxys,user-admin
dewiki:3494697,dewiki,Oversight,user-admin
dewiki:4099863,dewiki,Kandidaturen,user-admin
dewiki:4261185,dewiki,Bearbeitungsfilter,user-admin
dewiki:4319622,dewiki,Löschkandidaten,user-admin
dewiki:4324303,dewiki,Benutzersperrung,user-admin
dewiki:4413167,dewiki,IP-Sperre-Ausnahme,user-admin
dewiki:4481722,dewiki,Richtlinien_bildende_Kunst,user-admin
dewiki:6383167,dewiki,Meinungsbilder/Regelungen,user-admin
dewiki:6974524,dewiki,Administratoren/Anfragen,user-admin
dewiki:7646580,dewiki,Bezahltes_Schreiben,user-admin
dewiki:9082349,dewiki,Auskunft,user-admin
dewiki:10422309,dewiki,Benutzeroberflächenadministratoren,user-admin
dewiki:13521317,dewiki,IP-Betrachtung_temporärer_Konten,user-admin
dewiki:1234,dewiki,Grundprinzipien,user-user
dewiki:22673,dewiki,Wikiquette,user-user
dewiki:38770,dewiki,Diskussionsseiten,user-user
dewiki:46873,dewiki,Ignoriere_alle_Regeln,user-user
dewiki:85625,dewiki,Vermittlungsausschuss,user-user
dewiki:93382,dewiki,Edit-War,user-user
dewiki:148763,dewiki,Vandalismus,user-user
dewiki:214422,dewiki,Keine_persönlichen_Angriffe,user-user
dewiki:217305,dewiki,Verhalten_gegenüber_Neulingen,user-user
dewiki:589187,dewiki,"Störe_Wikipedia_nicht,_um_etwas_zu_beweisen",user-user
dewiki:830639,dewiki,Geh_von_guten_Absichten_aus,user-user
dewiki:907682,dewiki,Handle_entschieden,user-user
dewiki:907732,dewiki,Recht_zu_gehen,user-user
dewiki:1218423,dewiki,Anonymität,user-user
dewiki:1498104,dewiki,Sockenpuppe,user-user
dewiki:1528848,dewiki,Artikel_über_lebende_Personen,user-user
dewiki:1917198,dewiki,Konflikte,user-user
dewiki:2801977,dewiki,Hinweise_zum_Umgang_mit_Trauerfällen,user-user
dewiki:3451124,dewiki,Eigentum_an_Artikeln,user-user
dewiki:3699430,dewiki,Sei_mutig,user-user
dewiki:4325740,dewiki,Administratoren/Probleme,user-user
dewiki:4333653,dewiki,Verbesserungsvorschläge,user-user
dewiki:4494717,dewiki,Oversight/Kontakt,user-user
dewiki:4642884,dewiki,Bewahre_immer_einen_kühlen_Kopf,user-user
dewiki:6977098,dewiki,Fragen_zur_Wikipedia,user-user
dewiki:7965254,dewiki,Schiedsgericht/Regeln,user-user
dewiki:11901604,dewiki,Keine_Drohungen_mit_rechtlichen_Schritten,user-user
enwiki:1030587,enwiki,Troll,Other
enwiki:3812618,enwiki,Survey,Other
enwiki:6256591,enwiki,Naming_conventions_(football_in_Australia),Other
enwiki:17712549,enwiki,WikiProject_Aircraft/Naming,Other
enwiki:33548,enwiki,Spoiler,content
enwiki:33697,enwiki,Manual_of_Style,content
enwiki:38760,enwiki,Article_titles,content
enwiki:39801,enwiki,What_Wikipedia_is_not,content
enwiki:39805,enwiki,Neutral_point_of_view,content
enwiki:49698,enwiki,Citing_sources,content
enwiki:50144,enwiki,Do_not_include_the_full_text_of_lengthy_primary_sources,content
enwiki:58892,enwiki,WikiProject_Tree_of_Life,content
enwiki:59549,enwiki,Naming_conventions_(ships),content
enwiki:64347,enwiki,Image_use_policy,content
enwiki:67730,enwiki,Naming_conventions_(royalty_and_nobility),content
enwiki:67736,enwiki,Naming_conventions_(use_English-language_sources),content
enwiki:67739,enwiki,Naming_conventions_(capitalization),content
enwiki:67748,enwiki,Naming_conventions_(plurals),content
enwiki:67753,enwiki,Naming_conventions_(films),content
enwiki:99719,enwiki,Stub,content
enwiki:100854,enwiki,Naming_conventions_(Korean),content
enwiki:143131,enwiki,Manual_of_Style/Layout,content
enwiki:153086,enwiki,Naming_conventions_(languages),content
enwiki:173830,enwiki,Manual_of_Style/Biography,content
enwiki:180904,enwiki,Naming_conventions_(aircraft),content
enwiki:183692,enwiki,Manual_of_Style/Dates_and_numbers,content
enwiki:192954,enwiki,Article_size,content
enwiki:195122,enwiki,Naming_conventions_(Chinese),content
enwiki:199863,enwiki,Naming_conventions_(music),content
enwiki:233024,enwiki,Accuracy_dispute,content
enwiki:239780,enwiki,Naming_conventions_(fauna),content
enwiki:247596,enwiki,As_of,content
enwiki:249495,enwiki,Manual_of_Style/Tables,content
enwiki:252706,enwiki,Manual_of_Style/Titles_of_works,content
enwiki:256889,enwiki,Manual_of_Style/Images,content
enwiki:273430,enwiki,Manual_of_Style/Self-references_to_avoid,content
enwiki:284702,enwiki,Autobiographies,content
enwiki:286178,enwiki,Notability_(people),content
enwiki:317870,enwiki,External_links,content
enwiki:318931,enwiki,Manual_of_Style/Legal,content
enwiki:320013,enwiki,Manual_of_Style/Lists,content
enwiki:324033,enwiki,Non-free_content,content
enwiki:342552,enwiki,Naming_conventions_(clergy),content
enwiki:345326,enwiki,Manual_of_Style/Japan-related_articles,content
enwiki:351777,enwiki,Manual_of_Style/Pronunciation,content
enwiki:371142,enwiki,Logos,content
enwiki:371920,enwiki,Manual_of_Style/China-_and_Chinese-related_articles,content
enwiki:381879,enwiki,Medical_disclaimer,content
enwiki:403058,enwiki,Naming_conventions_(comics),content
enwiki:408746,enwiki,Manual_of_Style/Embedded_lists,content
enwiki:408749,enwiki,Stand-alone_lists,content
enwiki:410235,enwiki,No_original_research,content
enwiki:422058,enwiki,Edit_summary_legend,content
enwiki:434648,enwiki,Red_link,content
enwiki:526968,enwiki,Manual_of_Style/Lead_section,content
enwiki:545209,enwiki,Naming_conventions_(stations),content
enwiki:551841,enwiki,Naming_conventions_(ancient_Romans),content
enwiki:681638,enwiki,Manual_of_Style/Trademarks,content
enwiki:690931,enwiki,Categorization,content
enwiki:756575,enwiki,Manual_of_Style/Captions,content
enwiki:800830,enwiki,"Categories,_lists,_and_navigation_templates",content
enwiki:839347,enwiki,Summary_style,content
enwiki:860842,enwiki,Naming_conventions_(chemistry),content
enwiki:911375,enwiki,Naming_conventions_(television),content
enwiki:959720,enwiki,Categorization/Sorting_names,content
enwiki:986140,enwiki,Village_pump_(policy),content
enwiki:986312,enwiki,People_by_year,content
enwiki:1206185,enwiki,Manual_of_Style/Linking,content
enwiki:1222510,enwiki,Naming_conventions_(definite_or_indefinite_article_at_beginning_of_name),content
enwiki:1297829,enwiki,Annotated_article,content
enwiki:1327490,enwiki,Naming_conventions_(government_and_legislation),content
enwiki:1412568,enwiki,Manual_of_Style/Mathematics,content
enwiki:1420584,enwiki,Notability_(music),content
enwiki:1490960,enwiki,Donating_copyrighted_materials,content
enwiki:1508327,enwiki,Manual_of_Style/Music,content
enwiki:1520472,enwiki,Manual_of_Style/Spelling,content
enwiki:1669570,enwiki,Naming_conventions_(country-specific_topics),content
enwiki:1688215,enwiki,Content_forks,content
enwiki:1708590,enwiki,Manual_of_Style/Latter_Day_Saints,content
enwiki:1756629,enwiki,Make_technical_articles_understandable,content
enwiki:1830559,enwiki,Manual_of_Style/Disambiguation_pages,content
enwiki:1836721,enwiki,No_disclaimers,content
enwiki:1945468,enwiki,Naming_conventions_(operas),content
enwiki:2115889,enwiki,Manual_of_Style/Visual_arts,content
enwiki:2144215,enwiki,Manual_of_Style/Ireland-related_articles,content
enwiki:2159945,enwiki,Notability_(web),content
enwiki:2252704,enwiki,Manual_of_Style/Lists_of_works,content
enwiki:2262650,enwiki,Category_names,content
enwiki:2271987,enwiki,Plagiarism,content
enwiki:2273832,enwiki,Manual_of_Style/Arabic,content
enwiki:2424016,enwiki,Notability_(numbers),content
enwiki:2580363,enwiki,Naming_conventions_(lists),content
enwiki:2589853,enwiki,Categorizing_articles_about_people,content
enwiki:2619226,enwiki,Naming_conventions_(Hebrew),content
enwiki:2633486,enwiki,Naming_conventions_(people),content
enwiki:2652807,enwiki,Notability_(organizations_and_companies),content
enwiki:2678315,enwiki,Hatnote,content
enwiki:2744112,enwiki,Content_assessment,content
enwiki:2856112,enwiki,Naming_conventions_(Norse_mythology),content
enwiki:3050699,enwiki,Manual_of_Style/Islam-related_articles,content
enwiki:3072008,enwiki,Naming_conventions_(geographic_names),content
enwiki:3105399,enwiki,Manual_of_Style/Record_charts,content
enwiki:3119680,enwiki,Naming_conventions_(manuscripts),content
enwiki:3166178,enwiki,Naming_conventions_(numbers_and_dates),content
enwiki:3182365,enwiki,Public_domain,content
enwiki:3507110,enwiki,Notability_(academics),content
enwiki:3595100,enwiki,Manual_of_Style/Hawaii-related_articles,content
enwiki:3600598,enwiki,Naming_conventions_(books),content
enwiki:3618089,enwiki,Manual_of_Style/Accessibility,content
enwiki:3767009,enwiki,Manual_of_Style/Abbreviations,content
enwiki:3785404,enwiki,Fringe_theories,content
enwiki:3834020,enwiki,List_of_guidelines,content
enwiki:3869030,enwiki,Manual_of_Style/Korea-related_articles,content
enwiki:3878148,enwiki,Manual_of_Style/Computer_science,content
enwiki:3897792,enwiki,Reusing_Wikipedia_content,content
enwiki:3921878,enwiki,Naming_conventions_(companies),content
enwiki:3961892,enwiki,Verifiability,content
enwiki:4003700,enwiki,Naming_conventions_(ice_hockey),content
enwiki:4098581,enwiki,Manual_of_Style/Text_formatting,content
enwiki:4180195,enwiki,Manual_of_Style/Capital_letters,content
enwiki:4226521,enwiki,Naming_conventions_(Greek),content
enwiki:4280777,enwiki,Overlinking,content
enwiki:4337112,enwiki,Good_article_criteria,content
enwiki:4337560,enwiki,Manual_of_Style/Infoboxes,content
enwiki:4389093,enwiki,Naming_conventions_(UK_stations),content
enwiki:4715286,enwiki,Featured_article_criteria,content
enwiki:4815725,enwiki,Naming_conventions_(Indic),content
enwiki:5294102,enwiki,Manual_of_Style/Trivia_sections,content
enwiki:5320732,enwiki,Days_of_the_year,content
enwiki:5535405,enwiki,Manual_of_Style/Music_samples,content
enwiki:5710938,enwiki,Spellchecking,content
enwiki:5779956,enwiki,Notability_(books),content
enwiki:5845681,enwiki,Notability_(films),content
enwiki:5905788,enwiki,Manual_of_Style/Comics,content
enwiki:5951599,enwiki,Manual_of_Style/Cue_sports,content
enwiki:6155219,enwiki,Manual_of_Style/Medicine-related_articles,content
enwiki:6271083,enwiki,Manual_of_Style/Film,content
enwiki:6278516,enwiki,Manual_of_Style/Philippines-related_articles,content
enwiki:6796177,enwiki,Non-US_copyrights,content
enwiki:6818491,enwiki,Naming_conventions_(U.S._state_and_territory_highways),content
enwiki:6888715,enwiki,Notability,content
enwiki:6947029,enwiki,Naming_conventions_(New_Zealand),content
enwiki:6994445,enwiki,Naming_conventions_(astronomical_objects),content
enwiki:7104297,enwiki,Naming_conventions_(flora),content
enwiki:7113497,enwiki,Manual_of_Style/Road_junction_lists,content
enwiki:7221398,enwiki,Scientific_citation_guidelines,content
enwiki:7405923,enwiki,Naming_conventions_(events),content
enwiki:7763344,enwiki,Manual_of_Style/Icons,content
enwiki:7772632,enwiki,Naming_conventions_(Germany),content
enwiki:7861408,enwiki,Identifying_reliable_sources_(medicine),content
enwiki:8085014,enwiki,Overcategorization,content
enwiki:8488622,enwiki,Non-free_use_rationale_guideline,content
enwiki:8662245,enwiki,Manual_of_Style/Video_games,content
enwiki:8955233,enwiki,Manual_of_Style/France-_and_French-related_articles,content
enwiki:9385389,enwiki,Naming_conventions_(political_parties),content
enwiki:9436599,enwiki,Naming_conventions_(Burmese),content
enwiki:9484449,enwiki,Naming_conventions_(Mongolian),content
enwiki:9647390,enwiki,Manual_of_Style/Television,content
enwiki:10371968,enwiki,Reviewing_good_articles,content
enwiki:10622150,enwiki,Reference_desk/Guidelines/Medical_advice,content
enwiki:10794484,enwiki,Manual_of_Style/Novels,content
enwiki:11003739,enwiki,Manual_of_Style/Indonesia-related_articles,content
enwiki:11442989,enwiki,Categorizing_redirects,content
enwiki:11446256,enwiki,Naming_conventions_(baseball_players),content
enwiki:12702485,enwiki,Manual_of_Style/India-related_articles,content
enwiki:12856110,enwiki,Wikipedia_is_not_a_dictionary,content
enwiki:12940458,enwiki,Manual_of_Style/Anime_and_manga,content
enwiki:13010165,enwiki,Notability_(sports),content
enwiki:13340194,enwiki,Manual_of_Style/Military_history,content
enwiki:13399856,enwiki,Naming_conventions_(video_games),content
enwiki:13646211,enwiki,Naming_conventions_(Armenian),content
enwiki:13971546,enwiki,Manual_of_Style/Malaysia-related_articles,content
enwiki:14244520,enwiki,WikiProject_Schools/Article_advice,content
enwiki:14664589,enwiki,Manual_of_Style/Canada-related_articles,content
enwiki:14853924,enwiki,Manual_of_Style/Singapore-related_articles,content
enwiki:16089740,enwiki,Manual_of_Style/Chemistry,content
enwiki:16681788,enwiki,User_categories,content
enwiki:17025356,enwiki,Notability_(geographic_features),content
enwiki:17054975,enwiki,Disambiguation,content
enwiki:18807112,enwiki,Notability_(events),content
enwiki:19393620,enwiki,Manual_of_Style/Glossaries,content
enwiki:19585516,enwiki,Naming_conventions_(law_enforcement_agency_categories),content
enwiki:19897450,enwiki,Manual_of_Style/Romanization_of_Ukrainian,content
enwiki:20781576,enwiki,Manual_of_Style/Writing_about_fiction,content
enwiki:20822686,enwiki,Naming_conventions_(sportspeople),content
enwiki:21421849,enwiki,Manual_of_Style/Poland-related_articles,content
enwiki:21457036,enwiki,Manual_of_Style/Stringed_instrument_tunings,content
enwiki:22755284,enwiki,Naming_conventions_(West_Bank),content
enwiki:23455461,enwiki,Manual_of_Style/Blazon,content
enwiki:24374899,enwiki,Naming_conventions_(broadcasting),content
enwiki:24498891,enwiki,Naming_conventions_(sports_teams),content
enwiki:25225324,enwiki,Reliable_sources,content
enwiki:27126470,enwiki,Naming_conventions_(Tibetan),content
enwiki:27137897,enwiki,Manual_of_Style/Words_to_watch,content
enwiki:27294115,enwiki,Naming_conventions_(US_stations),content
enwiki:27463705,enwiki,Record_charts,content
enwiki:27560252,enwiki,Lists,content
enwiki:27765207,enwiki,Manual_of_Style/Superscripts_and_subscripts,content
enwiki:28140535,enwiki,Reference_desk,content
enwiki:30726565,enwiki,Manual_of_Style/Contents,content
enwiki:30796484,enwiki,Naming_conventions_(Latter_Day_Saints),content
enwiki:31961304,enwiki,Naming_conventions_(stations_in_Poland),content
enwiki:32767432,enwiki,Naming_conventions_(writing_systems),content
enwiki:33498936,enwiki,Notability_(astronomical_objects),content
enwiki:35484541,enwiki,Naming_conventions_(ethnicities_and_tribes),content
enwiki:39682158,enwiki,Naming_conventions_(Australian_roads),content
enwiki:42813770,enwiki,Broad-concept_article,content
enwiki:43002003,enwiki,Set_index_articles,content
enwiki:44253752,enwiki,Manual_of_Style/Organizing_disambiguation_pages_by_subject_area,content
enwiki:44578971,enwiki,Naming_conventions_(places_in_Bangladesh),content
enwiki:47517255,enwiki,Artist's_impressions_of_astronomical_objects,content
enwiki:49652567,enwiki,Naming_conventions_(Canadian_stations),content
enwiki:50506105,enwiki,Manual_of_Style/Pakistan-related_articles,content
enwiki:56585029,enwiki,Naming_conventions_(families),content
enwiki:58734345,enwiki,Naming_conventions_(Irish_stations),content
enwiki:63766046,enwiki,Political_endorsements,content
enwiki:64070861,enwiki,Naming_conventions_(Egypt),content
enwiki:70397617,enwiki,Naming_conventions_(Indian_constituencies),content
enwiki:77328848,enwiki,Notability_(species),content
enwiki:13231,enwiki,Redirect,user-admin
enwiki:49479,enwiki,Copyrights,user-admin
enwiki:49480,enwiki,Administrators,user-admin
enwiki:140524,enwiki,Vandalism,user-admin
enwiki:168684,enwiki,Username_policy,user-admin
enwiki:225052,enwiki,General_disclaimer,user-admin
enwiki:242275,enwiki,Blocking_policy,user-admin
enwiki:286793,enwiki,Subpages,user-admin
enwiki:322950,enwiki,Deletion_guidelines_for_administrators,user-admin
enwiki:390228,enwiki,User_pages,user-admin
enwiki:392393,enwiki,Protection_policy,user-admin
enwiki:425887,enwiki,Speedy_deletion,user-admin
enwiki:450740,enwiki,Arbitration/Policy,user-admin
enwiki:469393,enwiki,Sockpuppetry,user-admin
enwiki:475196,enwiki,Bureaucrats,user-admin
enwiki:475703,enwiki,Requests_for_administrator_attention,user-admin
enwiki:542426,enwiki,Do_not_disrupt_Wikipedia_to_illustrate_a_point,user-admin
enwiki:564696,enwiki,Help_desk,user-admin
enwiki:590478,enwiki,Project_namespace,user-admin
enwiki:641471,enwiki,Banning_policy,user-admin
enwiki:705428,enwiki,Template_namespace,user-admin
enwiki:746942,enwiki,Shortcut,user-admin
enwiki:834114,enwiki,Deletion_process,user-admin
enwiki:890739,enwiki,Soft_redirect,user-admin
enwiki:1008161,enwiki,Page_blanking,user-admin
enwiki:1252005,enwiki,Copyright_violations,user-admin
enwiki:2356700,enwiki,Articles_for_deletion,user-admin
enwiki:2580427,enwiki,File_names,user-admin
enwiki:2609425,enwiki,Requests_for_adminship,user-admin
enwiki:2833869,enwiki,Speedy_keep,user-admin
enwiki:3452342,enwiki,Biographies_of_living_persons,user-admin
enwiki:3464331,enwiki,High-risk_templates,user-admin
enwiki:3600180,enwiki,Do_not_create_hoaxes,user-admin
enwiki:3788007,enwiki,Open_proxies,user-admin
enwiki:3810687,enwiki,Wikimedia_sister_projects,user-admin
enwiki:3968093,enwiki,Rollback,user-admin
enwiki:3982570,enwiki,Office_actions,user-admin
enwiki:4083092,enwiki,Volunteer_Response_Team,user-admin
enwiki:5711150,enwiki,Oversight,user-admin
enwiki:7178497,enwiki,Adopt-a-user,user-admin
enwiki:8220773,enwiki,Naming_conventions_(technical_restrictions),user-admin
enwiki:8539050,enwiki,Patent_nonsense,user-admin
enwiki:8634849,enwiki,Conflict_of_interest/Noticeboard,user-admin
enwiki:10114151,enwiki,Courtesy_vanishing,user-admin
enwiki:13651139,enwiki,Responding_to_threats_of_harm,user-admin
enwiki:15221315,enwiki,IP_block_exemption,user-admin
enwiki:15667332,enwiki,Overcategorization/User_categories,user-admin
enwiki:16810391,enwiki,CheckUser,user-admin
enwiki:16819254,enwiki,Bot_policy,user-admin
enwiki:17817592,enwiki,Global_rights_policy,user-admin
enwiki:18088626,enwiki,Edit_filter,user-admin
enwiki:19005456,enwiki,Spam,user-admin
enwiki:20781735,enwiki,List_of_policies,user-admin
enwiki:20988867,enwiki,Text_of_the_GNU_Free_Documentation_License,user-admin
enwiki:21372545,enwiki,Arbitration_Committee/CheckUser_and_Oversight,user-admin
enwiki:21438123,enwiki,Substitution,user-admin
enwiki:22686814,enwiki,Deceased_Wikipedians/Guidelines,user-admin
enwiki:22880321,enwiki,Revision_deletion,user-admin
enwiki:24336286,enwiki,Copying_within_Wikipedia,user-admin
enwiki:25816154,enwiki,Contentious_topics,user-admin
enwiki:26445787,enwiki,Proposed_deletion_of_biographies_of_living_people,user-admin
enwiki:26803395,enwiki,Requests_for_undeletion,user-admin
enwiki:27124694,enwiki,Child_protection,user-admin
enwiki:28807595,enwiki,Clean_start,user-admin
enwiki:30329918,enwiki,Deletion_policy,user-admin
enwiki:31426044,enwiki,Edit_filter_manager,user-admin
enwiki:40816212,enwiki,Template_editor,user-admin
enwiki:43423344,enwiki,Spam_blacklist,user-admin
enwiki:47581638,enwiki,Paid-contribution_disclosure,user-admin
enwiki:48810348,enwiki,Password_strength_requirements,user-admin
enwiki:50190519,enwiki,Page_mover,user-admin
enwiki:53590263,enwiki,Proposed_deletion,user-admin
enwiki:54892803,enwiki,Edit_filter_helper,user-admin
enwiki:57453689,enwiki,TemplateStyles,user-admin
enwiki:57529298,enwiki,Miscellany_for_deletion/Speedy_redirect,user-admin
enwiki:58029815,enwiki,Interface_administrators,user-admin
enwiki:60495928,enwiki,Naming_conventions_(Macedonia),user-admin
enwiki:77872646,enwiki,Administrator_recall,user-admin
enwiki:81420154,enwiki,Writing_articles_with_large_language_models,user-admin
enwiki:82381318,enwiki,LLM-assisted_translation,user-admin
enwiki:82927100,enwiki,Presumptive_removal_of_AI-generated_content,user-admin
enwiki:9769,enwiki,Editing_policy,user-user
enwiki:39809,enwiki,Etiquette,user-user
enwiki:49483,enwiki,Ignore_all_rules,user-user
enwiki:50178,enwiki,No_personal_attacks,user-user
enwiki:50181,enwiki,Signatures,user-user
enwiki:50260,enwiki,Offensive_material,user-user
enwiki:177606,enwiki,Libel,user-user
enwiki:216487,enwiki,Edit_warring,user-user
enwiki:266143,enwiki,Please_do_not_bite_the_newcomers,user-user
enwiki:326245,enwiki,Ownership_of_content,user-user
enwiki:428038,enwiki,Dispute_resolution,user-user
enwiki:456268,enwiki,Civility,user-user
enwiki:458380,enwiki,Terms_of_use,user-user
enwiki:502959,enwiki,Assume_good_faith,user-user
enwiki:805445,enwiki,Consensus,user-user
enwiki:815014,enwiki,Privacy_policy,user-user
enwiki:1743525,enwiki,Talk_page_guidelines,user-user
enwiki:1816540,enwiki,Trifecta,user-user
enwiki:1827402,enwiki,Talk_page_templates,user-user
enwiki:2100084,enwiki,Gaming_the_system,user-user
enwiki:2491966,enwiki,Harassment,user-user
enwiki:2533281,enwiki,Contents/Portals,user-user
enwiki:2747122,enwiki,Non-free_content_criteria,user-user
enwiki:3706897,enwiki,Village_pump_(proposals),user-user
enwiki:3895646,enwiki,Voting,user-user
enwiki:5025820,enwiki,Policies_and_guidelines,user-user
enwiki:5778115,enwiki,Appealing_a_block,user-user
enwiki:5842813,enwiki,Three-revert_rule,user-user
enwiki:6163896,enwiki,Requests_for_oversight,user-user
enwiki:6261097,enwiki,Indic_transliteration,user-user
enwiki:6468427,enwiki,WikiProject_Council/Guide,user-user
enwiki:7406238,enwiki,Canvassing,user-user
enwiki:7748754,enwiki,Conflict_of_interest,user-user
enwiki:13410706,enwiki,Linking_to_external_harassment,user-user
enwiki:15606128,enwiki,No_legal_threats,user-user
enwiki:15616951,enwiki,In_the_news/Recurring_items,user-user
enwiki:16882310,enwiki,Userboxes,user-user
enwiki:19389401,enwiki,Attack_page,user-user
enwiki:20786118,enwiki,Disruptive_editing,user-user
enwiki:21402789,enwiki,Reference_desk/Guidelines,user-user
enwiki:21438480,enwiki,Be_bold,user-user
enwiki:22215651,enwiki,Manual_of_Style/Hidden_text,user-user
enwiki:25455885,enwiki,Wikimedia_policy,user-user
enwiki:28774587,enwiki,Manual_of_Style/Snooker,user-user
enwiki:36230333,enwiki,Reviewing_pending_changes,user-user
enwiki:45647903,enwiki,Five_pillars,user-user
enwiki:78599355,enwiki,Temporary_account_IP_viewer,user-user
eswiki:237284,eswiki,Política_de_privacidad,Other
eswiki:714870,eswiki,Café/Archivo/Propuestas/Actual,Other
eswiki:1188861,eswiki,Reutilización,Other
eswiki:2244798,eswiki,Portal/Directorio,Other
eswiki:2317743,eswiki,"Categorías,_listas_y_plantillas_de_navegación",Other
eswiki:2902471,eswiki,Transliteración/Griego,Other
eswiki:3758130,eswiki,Espacio_de_nombres_Wikipedia,Other
eswiki:4619552,eswiki,Principales_plantillas,Other
eswiki:310,eswiki,Bienvenidos,content
eswiki:1629,eswiki,Lo_que_Wikipedia_no_es,content
eswiki:2131,eswiki,Políticas_y_convenciones,content
eswiki:2411,eswiki,Punto_de_vista_neutral,content
eswiki:2955,eswiki,Wikipedia_no_es_un_diccionario,content
eswiki:5528,eswiki,Esbozo,content
eswiki:6504,eswiki,Consultas,content
eswiki:6706,eswiki,Revelación_de_la_trama,content
eswiki:11421,eswiki,Páginas_sospechosas_de_no_neutralidad,content
eswiki:21764,eswiki,Convenciones_de_títulos,content
eswiki:25768,eswiki,Manual_de_estilo/Páginas_de_desambiguación,content
eswiki:29243,eswiki,Veracidad_discutida,content
eswiki:118232,eswiki,Estructura_de_un_artículo,content
eswiki:118624,eswiki,Portal,content
eswiki:127485,eswiki,Traducciones,content
eswiki:143339,eswiki,Páginas_de_autopromoción,content
eswiki:149168,eswiki,Topónimos_de_España,content
eswiki:164682,eswiki,Wikipedia_no_es_una_fuente_primaria,content
eswiki:184009,eswiki,Autobiografía,content
eswiki:184404,eswiki,Artículos_sin_relevancia_aparente,content
eswiki:195220,eswiki,Enlaces_externos,content
eswiki:221543,eswiki,Verificabilidad,content
eswiki:256042,eswiki,Manual_de_estilo/Artículos_relacionados_con_Japón,content
eswiki:379746,eswiki,Tamaño_de_los_artículos,content
eswiki:515303,eswiki,Café/Archivo/Ayuda/Actual,content
eswiki:573133,eswiki,La_enciclopedia_libre,content
eswiki:590336,eswiki,Qué_es_un_artículo_bueno,content
eswiki:606168,eswiki,Criterios_para_el_borrado_rápido,content
eswiki:659395,eswiki,Evita_juicios_de_valor,content
eswiki:677538,eswiki,Programa_de_tutoría,content
eswiki:883571,eswiki,Guía_de_borrado_para_los_bibliotecarios,content
eswiki:913371,eswiki,Convenciones_de_nombres_(buques),content
eswiki:945324,eswiki,Manual_de_estilo/Abreviaturas,content
eswiki:994257,eswiki,Ni_una_en_un_millón,content
eswiki:1000711,eswiki,Qué_es_un_artículo_destacado,content
eswiki:1005008,eswiki,Manual_de_estilo,content
eswiki:1167880,eswiki,Biografías_de_personas_vivas,content
eswiki:1251136,eswiki,Limitación_general_de_responsabilidad,content
eswiki:1382481,eswiki,Proceso_de_borrado,content
eswiki:1551950,eswiki,Sobrecategorización,content
eswiki:1728663,eswiki,Manual_de_estilo/Secciones_de_curiosidades,content
eswiki:1859208,eswiki,Ficción,content
eswiki:1984840,eswiki,Fuentes_fiables,content
eswiki:2036109,eswiki,Sección_introductoria,content
eswiki:2211747,eswiki,Uso_de_listas,content
eswiki:2349888,eswiki,Modelo_de_artículo_en_ventana_de_edición,content
eswiki:2790781,eswiki,Manual_de_estilo/Biografías,content
eswiki:3241309,eswiki,No_crees_bulos,content
eswiki:4153911,eswiki,Criterio_de_relevancia_en_artículos_biográficos,content
eswiki:4266624,eswiki,Véase_también,content
eswiki:4349834,eswiki,Criterio_de_relevancia_en_artículos_empresariales_y_organizaciones,content
eswiki:4876980,eswiki,Tablón_de_anuncios_de_los_bibliotecarios/Portal/Archivo/Solicitudes_de_restauración/Actual,content
eswiki:5356838,eswiki,Convención_sobre_fuentes_de_relevancia_para_artistas_plásticos_contemporáneos,content
eswiki:5407625,eswiki,Referencias,content
eswiki:6044222,eswiki,El_artículo_perfecto,content
eswiki:6194231,eswiki,Ediciones_remuneradas,content
eswiki:6293987,eswiki,Manual_de_estilo/Música,content
eswiki:6431813,eswiki,Manual_de_estilo/Marcas,content
eswiki:8117223,eswiki,Manual_de_estilo/Artículos_relacionados_con_Corea,content
eswiki:8847923,eswiki,Teoría_marginal,content
eswiki:10004223,eswiki,Convenciones_de_títulos/química,content
eswiki:11391018,eswiki,Redacción_de_artículos_con_modelos_de_lenguaje_grandes,content
eswiki:9804,eswiki,Fusiones,user-admin
eswiki:25767,eswiki,Aviso_médico,user-admin
eswiki:37759,eswiki,Burócratas,user-admin
eswiki:39429,eswiki,Política_de_uso_de_imágenes,user-admin
eswiki:40326,eswiki,Votaciones,user-admin
eswiki:41297,eswiki,Autorizaciones,user-admin
eswiki:46826,eswiki,Candidaturas_a_bibliotecario,user-admin
eswiki:49395,eswiki,Política_de_protección,user-admin
eswiki:97411,eswiki,Vandalismo,user-admin
eswiki:115446,eswiki,Restricciones_técnicas_en_títulos,user-admin
eswiki:129874,eswiki,Nombres_de_usuario,user-admin
eswiki:252878,eswiki,Semiprotección_de_páginas,user-admin
eswiki:266806,eswiki,Página_de_usuario,user-admin
eswiki:334495,eswiki,Usa_el_sentido_común,user-admin
eswiki:371039,eswiki,Spam,user-admin
eswiki:372191,eswiki,Propuesta_de_política_de_bloqueo,user-admin
eswiki:375493,eswiki,Bibliotecarios,user-admin
eswiki:384003,eswiki,Propuesta_de_política_de_suspensión,user-admin
eswiki:448018,eswiki,Checkusers,user-admin
eswiki:515457,eswiki,Café/Archivo/Políticas/Actual,user-admin
eswiki:634214,eswiki,Usuarios_títeres,user-admin
eswiki:832077,eswiki,Propuestas_de_borrado,user-admin
eswiki:1131750,eswiki,Palabras_a_evitar,user-admin
eswiki:1302469,eswiki,VRT,user-admin
eswiki:1381227,eswiki,Mantenimiento_rápido,user-admin
eswiki:1407621,eswiki,Evita_las_autorreferencias,user-admin
eswiki:1882624,eswiki,Supresores,user-admin
eswiki:2469307,eswiki,Exentos_de_bloqueo_a_IP,user-admin
eswiki:2472127,eswiki,Tipos_de_usuarios,user-admin
eswiki:2621310,eswiki,Conflicto_de_interés,user-admin
eswiki:2716826,eswiki,Acoso,user-admin
eswiki:3586330,eswiki,Bot,user-admin
eswiki:3714464,eswiki,Revalidación_de_bibliotecarios,user-admin
eswiki:3763822,eswiki,Filtro_de_ediciones,user-admin
eswiki:4240031,eswiki,Espacio_de_nombres_Ayuda,user-admin
eswiki:4904715,eswiki,Política_de_bots,user-admin
eswiki:5280589,eswiki,Creadores_de_cuentas,user-admin
eswiki:6362511,eswiki,Política_de_borrado,user-admin
eswiki:6461004,eswiki,Tablón_de_anuncios_de_los_bibliotecarios,user-admin
eswiki:6892741,eswiki,Plagio,user-admin
eswiki:7107695,eswiki,Propuesta_de_política_sobre_eliminadores,user-admin
eswiki:8598723,eswiki,Administradores_de_interfaz,user-admin
eswiki:9540040,eswiki,Administradores_de_filtros,user-admin
eswiki:9683375,eswiki,Manejo_de_amenazas,user-admin
eswiki:10192954,eswiki,No_amenaces_con_acciones_legales,user-admin
eswiki:10480555,eswiki,Editores_de_plantillas,user-admin
eswiki:10618300,eswiki,Proxies_abiertos,user-admin
eswiki:10998596,eswiki,Visores_de_IP_de_cuentas_temporales,user-admin
eswiki:11294398,eswiki,Cuentas_temporales,user-admin
eswiki:3451,eswiki,Derechos_de_autor,user-user
eswiki:34054,eswiki,Etiqueta,user-user
eswiki:126885,eswiki,No_morder_a_los_novatos,user-user
eswiki:164680,eswiki,Presume_buena_fe,user-user
eswiki:164691,eswiki,Cómo_mantenerte_calmado_en_un_conflicto,user-user
eswiki:183294,eswiki,¿Tú_o_usted?,user-user
eswiki:204964,eswiki,Guerra_de_ediciones,user-user
eswiki:205141,eswiki,No_sabotees_Wikipedia_para_respaldar_tus_argumentos,user-user
eswiki:268817,eswiki,Regla_de_las_tres_reversiones,user-user
eswiki:309484,eswiki,Etiquetas_de_usuario,user-user
eswiki:316672,eswiki,Los_cinco_pilares,user-user
eswiki:333748,eswiki,Ignora_las_normas,user-user
eswiki:367700,eswiki,Civismo,user-user
eswiki:368964,eswiki,No_hagas_ataques_personales,user-user
eswiki:474250,eswiki,Texto_de_la_Licencia_de_documentación_libre_de_GNU,user-user
eswiki:623205,eswiki,Sé_valiente_al_editar_páginas,user-user
eswiki:838359,eswiki,Encuestas,user-user
eswiki:864987,eswiki,Consultas_de_borrado_mediante_argumentación,user-user
eswiki:1217959,eswiki,Consenso,user-user
eswiki:1243874,eswiki,Categorización_de_personas,user-user
eswiki:1462797,eswiki,Propiedad_de_los_artículos,user-user
eswiki:1779395,eswiki,Categorización,user-user
eswiki:1865023,eswiki,Proselitismo,user-user
eswiki:2069776,eswiki,Sé_cruel,user-user
eswiki:2196091,eswiki,Reversores,user-user
eswiki:2772171,eswiki,Firma_de_usuario,user-user
eswiki:3508859,eswiki,Ambigüedad_en_títulos,user-user
eswiki:6354849,eswiki,Ediciones_disruptivas,user-user
eswiki:9782314,eswiki,No_abuses_de_las_reglas_del_sistema,user-user
frwiki:4794682,frwiki,Convention_sur_les_glossaires,Other
frwiki:6627204,frwiki,Conventions_de_style_(articles_sur_des_sujets_médicaux),Other
frwiki:7739743,frwiki,Que_faire_en_cas_d'urgence_?,Other
frwiki:10895605,frwiki,Respect_de_l'obligation_de_transparence_à_vérifier/En_cours,Other
frwiki:12581226,frwiki,Classement_musical,Other
frwiki:13939216,frwiki,Romanisation_de_l'ukrainien,Other
frwiki:3210,frwiki,Conventions_sur_les_titres,content
frwiki:3231,frwiki,Conventions_typographiques,content
frwiki:3243,frwiki,Neutralité_de_point_de_vue,content
frwiki:3251,frwiki,Limitez_l'usage_de_la_couleur_dans_les_articles,content
frwiki:3257,frwiki,Conventions_de_style,content
frwiki:3283,frwiki,Ce_que_Wikipédia_n'est_pas,content
frwiki:3305,frwiki,Wikipédia_n'est_pas_un_dictionnaire,content
frwiki:6815,frwiki,Homonymie,content
frwiki:8718,frwiki,Néologisme,content
frwiki:15354,frwiki,Critères_d'admissibilité_des_articles,content
frwiki:16607,frwiki,Controverse_de_neutralité,content
frwiki:16730,frwiki,Liens_externes,content
frwiki:19848,frwiki,Mention_de_Wikipédia_dans_les_articles,content
frwiki:28194,frwiki,Contenu_évasif,content
frwiki:30238,frwiki,N'hésitez_pas_!,content
frwiki:44680,frwiki,Conventions_bibliographiques,content
frwiki:44705,frwiki,Conventions_filmographiques,content
frwiki:45576,frwiki,Citez_vos_sources,content
frwiki:52219,frwiki,Conventions_de_plan,content
frwiki:68219,frwiki,Principes_fondateurs,content
frwiki:80473,frwiki,Liste_des_portails,content
frwiki:126275,frwiki,Liens_internes,content
frwiki:245421,frwiki,Accessibilité,content
frwiki:247802,frwiki,Internationalisation,content
frwiki:249358,frwiki,Travail_inédit,content
frwiki:299439,frwiki,Conventions_concernant_les_nombres,content
frwiki:328583,frwiki,Citation,content
frwiki:423144,frwiki,Transcription_du_japonais,content
frwiki:449367,frwiki,L'article_parfait,content
frwiki:474373,frwiki,"Notoriété_des_entreprises,_sociétés_et_produits",content
frwiki:545530,frwiki,Termes_à_utiliser_avec_précaution,content
frwiki:563208,frwiki,Vérifiabilité,content
frwiki:563630,frwiki,Wikipédia_est_une_encyclopédie,content
frwiki:576402,frwiki,Transcription_du_chinois,content
frwiki:582012,frwiki,Théorie_controversée,content
frwiki:599940,frwiki,Notoriété_de_la_musique,content
frwiki:600152,frwiki,Notoriété_des_œuvres_de_fiction,content
frwiki:633009,frwiki,Notoriété_des_nombres,content
frwiki:794104,frwiki,Sources_de_presse,content
frwiki:966961,frwiki,Notoriété_des_sites_web,content
frwiki:1031576,frwiki,Dates,content
frwiki:1127890,frwiki,Conventions_sur_les_catégories,content
frwiki:1139490,frwiki,Notoriété_des_fanzines,content
frwiki:1174428,frwiki,Notoriété_dans_le_domaine_de_la_pornographie,content
frwiki:1200751,frwiki,Notoriété_des_jeux_de_société,content
frwiki:1212305,frwiki,Conventions_sur_les_œuvres_de_fiction,content
frwiki:1229252,frwiki,Articles_consacrés_à_la_pornographie,content
frwiki:1260467,frwiki,Autobiographie,content
frwiki:1281252,frwiki,Éviter_les_superlatifs,content
frwiki:1298993,frwiki,Résumé_introductif,content
frwiki:1383130,frwiki,Dévoile_l'intrigue_du_récit,content
frwiki:1479580,frwiki,Contenus_de_qualité/Règles,content
frwiki:1525631,frwiki,Notoriété_des_personnalités_politiques,content
frwiki:1535408,frwiki,Liste,content
frwiki:1563381,frwiki,Notoriété_des_sportifs,content
frwiki:1637868,frwiki,Style_encyclopédique,content
frwiki:1971374,frwiki,Conventions_concernant_les_titres_d'entreprises,content
frwiki:2497751,frwiki,Biographie_de_personne_vivante,content
frwiki:2675945,frwiki,Notoriété_dans_le_football,content
frwiki:2818753,frwiki,Liens_vers_les_portails,content
frwiki:3111462,frwiki,Conventions_sur_les_titres_d'œuvres_de_musique_classique,content
frwiki:3429783,frwiki,Anthropocentrisme,content
frwiki:3470413,frwiki,Sections_anecdotiques,content
frwiki:3961561,frwiki,Notoriété_des_arts_visuels,content
frwiki:4021904,frwiki,Conventions_sur_les_titres_de_personnages_de_la_mythologie_grecque,content
frwiki:4120943,frwiki,Guide_pratique,content
frwiki:5621661,frwiki,Principe_de_moindre_surprise,content
frwiki:5743336,frwiki,Sources_fiables,content
frwiki:6484846,frwiki,Notoriété,content
frwiki:6523259,frwiki,Notoriété_des_personnes,content
frwiki:6690998,frwiki,Importance_disproportionnée,content
frwiki:6833534,frwiki,Exactitude_et_vérité,content
frwiki:6835664,frwiki,Notoriété_des_événements,content
frwiki:6842581,frwiki,Critères_spécifiques_de_notoriété,content
frwiki:7142284,frwiki,Diffamation,content
frwiki:7289693,frwiki,Demande_de_restauration_de_page,content
frwiki:7464170,frwiki,Critère_des_deux_ans,content
frwiki:10396817,frwiki,Utilisation_de_données_Wikidata_dans_les_articles,content
frwiki:10490430,frwiki,Notoriété_des_lieux_géographiques,content
frwiki:15736312,frwiki,Règles_concernant_les_modifications,content
frwiki:16743683,frwiki,Intelligence_artificielle_générative,content
frwiki:16820740,frwiki,Conventions_sur_les_images,content
frwiki:4521,frwiki,Administrateur,user-admin
frwiki:4596,frwiki,Droit_d'auteur,user-admin
frwiki:4847,frwiki,Bot,user-admin
frwiki:6553,frwiki,Licence_de_documentation_libre_GNU,user-admin
frwiki:21316,frwiki,Protection,user-admin
frwiki:30118,frwiki,Exceptions_au_droit_d'auteur,user-admin
frwiki:31898,frwiki,Blocage_en_écriture,user-admin
frwiki:40584,frwiki,Conventions_d'utilisation_des_images,user-admin
frwiki:64708,frwiki,Sondage,user-admin
frwiki:97183,frwiki,Faux-nez,user-admin
frwiki:112392,frwiki,Nom_d'utilisateur,user-admin
frwiki:150164,frwiki,Mise_en_garde_médicale,user-admin
frwiki:190286,frwiki,Bureaucrate,user-admin
frwiki:193235,frwiki,Débat_d'admissibilité/Aide,user-admin
frwiki:244969,frwiki,Ne_pas_désorganiser_Wikipédia_pour_une_argumentation_personnelle,user-admin
frwiki:295204,frwiki,Oracle,user-admin
frwiki:382409,frwiki,Candidature_au_statut_d'administrateur,user-admin
frwiki:446946,frwiki,Vérificateur_d'utilisateurs,user-admin
frwiki:676865,frwiki,Signez_vos_messages,user-admin
frwiki:772964,frwiki,Équipe_bénévole_de_réponse_aux_courriels,user-admin
frwiki:1208063,frwiki,Aucune_chance,user-admin
frwiki:2463476,frwiki,Masqueur_de_modifications,user-admin
frwiki:3011312,frwiki,Projets_frères,user-admin
frwiki:3059580,frwiki,Mise_en_forme_des_images,user-admin
frwiki:3110030,frwiki,Bannissement,user-admin
frwiki:3749305,frwiki,AbuseFilter,user-admin
frwiki:3818226,frwiki,Exemption_de_blocage_d'IP,user-admin
frwiki:4135792,frwiki,Créateur_de_comptes,user-admin
frwiki:4573071,frwiki,Modificateur_de_filtre_anti-erreur,user-admin
frwiki:5876682,frwiki,Contestation_du_statut_d'administrateur,user-admin
frwiki:6452080,frwiki,Critères_de_suppression_immédiate,user-admin
frwiki:6583969,frwiki,Demande_de_purge_d'historique,user-admin
frwiki:6648542,frwiki,Nouveau_départ,user-admin
frwiki:7289658,frwiki,Débat_d'admissibilité,user-admin
frwiki:7453733,frwiki,Semi-protection,user-admin
frwiki:8419303,frwiki,Contributions_rémunérées,user-admin
frwiki:8605576,frwiki,Restriction_thématique,user-admin
frwiki:9919824,frwiki,Semi-protection_étendue,user-admin
frwiki:10638915,frwiki,Ne_créez_pas_de_canulars,user-admin
frwiki:11010234,frwiki,Nom_d'utilisateur_connu,user-admin
frwiki:11877987,frwiki,Administrateur_d'interface,user-admin
frwiki:12036840,frwiki,Contestation_du_statut_de_bureaucrate,user-admin
frwiki:12283607,frwiki,Niveaux_de_protection,user-admin
frwiki:12441358,frwiki,Actions_de_modération_de_la_fondation_Wikimédia,user-admin
frwiki:14517641,frwiki,Pas_de_proxy_ouvert,user-admin
frwiki:15788780,frwiki,Conflit_d'intérêts,user-admin
frwiki:16837148,frwiki,Visualisateur_d'IP_des_comptes_temporaires,user-admin
frwiki:16856294,frwiki,Compte_temporaire,user-admin
frwiki:3209,frwiki,Règles_et_recommandations,user-user
frwiki:3216,frwiki,Prise_de_décision,user-user
frwiki:7513,frwiki,Vandalisme,user-user
frwiki:7681,frwiki,Esprit_de_non-violence,user-user
frwiki:19431,frwiki,Règles_de_savoir-vivre,user-user
frwiki:31603,frwiki,Guerre_d'édition,user-user
frwiki:33795,frwiki,Résolution_de_conflit,user-user
frwiki:53284,frwiki,Ne_mordez_pas_les_nouveaux,user-user
frwiki:94174,frwiki,Avertissements_généraux,user-user
frwiki:190456,frwiki,Comité_d'arbitrage/Règlement,user-user
frwiki:210690,frwiki,Pas_d'attaque_personnelle,user-user
frwiki:219254,frwiki,Pas_de_menace_de_poursuites_judiciaires,user-user
frwiki:456669,frwiki,Boîte_utilisateur,user-user
frwiki:744162,frwiki,Appel_à_commentaires,user-user
frwiki:817077,frwiki,Règle_des_trois_révocations,user-user
frwiki:843501,frwiki,Interprétation_créative_des_règles,user-user
frwiki:1076339,frwiki,Supposez_la_bonne_foi,user-user
frwiki:1088289,frwiki,Discuter_au_lieu_de_voter,user-user
frwiki:1150441,frwiki,Commentez_vos_modifications,user-user
frwiki:1380491,frwiki,Discussion,user-user
frwiki:1879317,frwiki,Modèles_à_haut_risque,user-user
frwiki:2128668,frwiki,Consensus,user-user
frwiki:2754203,frwiki,Contenu_choquant,user-user
frwiki:3276944,frwiki,Essai,user-user
frwiki:3295092,frwiki,Collusion,user-user
frwiki:3546272,frwiki,Administrateur/Problème,user-user
frwiki:4058357,frwiki,Appropriation_d'un_article,user-user
frwiki:4225638,frwiki,Démarchage,user-user
frwiki:4647635,frwiki,Ne_jouez_pas_avec_les_règles,user-user
frwiki:4683645,frwiki,Requête_aux_administrateurs,user-user
frwiki:4954983,frwiki,Scission_de_contenu,user-user
frwiki:5168054,frwiki,Variantes_régionales_du_français,user-user
frwiki:6383381,frwiki,Parrainage,user-user
frwiki:6985763,frwiki,Harcèlement,user-user
frwiki:7030666,frwiki,Gardez_votre_calme,user-user
frwiki:7180539,frwiki,Règles_et_recommandations/Comparatif,user-user
frwiki:8010871,frwiki,Ne_vous_moquez_pas_du_monde_!,user-user
frwiki:8208406,frwiki,Le_salon_de_médiation,user-user
frwiki:9832508,frwiki,Révocateur,user-user
frwiki:10012699,frwiki,Contributions_perturbatrices,user-user
frwiki:14921686,frwiki,Trollage,user-user
jawiki:96520,jawiki,アルゴリズムの表記法,Other
jawiki:1052201,jawiki,ヘルプ,Other
jawiki:1237911,jawiki,外来語表記法/ウクライナ語,Other
jawiki:3580168,jawiki,プライバシー・ポリシー,Other
jawiki:5142170,jawiki,パスワードの要件,Other
jawiki:270,jawiki,中立的な観点,content
jawiki:284,jawiki,原典のコピーはしない,content
jawiki:325,jawiki,記事どうしをつなぐ,content
jawiki:334,jawiki,記事名の付け方,content
jawiki:2678,jawiki,ネタバレ,content
jawiki:2998,jawiki,各日のスタイルガイド,content
jawiki:5349,jawiki,各年のスタイルガイド,content
jawiki:9453,jawiki,ウィキペディアは辞書ではありません,content
jawiki:12289,jawiki,一覧記事,content
jawiki:20041,jawiki,すぐに古くなる表現は使わない,content
jawiki:26066,jawiki,作品リスト,content
jawiki:28894,jawiki,完璧な記事,content
jawiki:30102,jawiki,スタイルマニュアル/人物伝,content
jawiki:37394,jawiki,スタイルマニュアル/見出し,content
jawiki:44368,jawiki,出典を明記する,content
jawiki:62630,jawiki,表記ガイド,content
jawiki:77201,jawiki,大言壮語をしない,content
jawiki:77301,jawiki,自分自身の記事,content
jawiki:86904,jawiki,ウィキペディアへの自己言及,content
jawiki:87636,jawiki,正確性に疑問がある記事,content
jawiki:124631,jawiki,ウィキポータル,content
jawiki:156364,jawiki,ページの分割と統合,content
jawiki:201121,jawiki,スタイルマニュアル/導入部,content
jawiki:251303,jawiki,削除依頼,content
jawiki:277345,jawiki,カテゴリの方針,content
jawiki:339608,jawiki,スタブ,content
jawiki:386605,jawiki,著作権で保護されている文章等の引用に関する方針,content
jawiki:400952,jawiki,特筆性_(音楽),content
jawiki:458738,jawiki,アクセシビリティ,content
jawiki:504946,jawiki,関連項目,content
jawiki:505855,jawiki,検証可能性,content
jawiki:573941,jawiki,存命人物の伝記,content
jawiki:659019,jawiki,信頼できる情報源,content
jawiki:778158,jawiki,外部リンク,content
jawiki:793919,jawiki,常識なんてない,content
jawiki:947197,jawiki,ウィキペディアは何ではないか,content
jawiki:957065,jawiki,名誉毀損,content
jawiki:1025443,jawiki,独自研究は載せない,content
jawiki:1039141,jawiki,雑多な内容を箇条書きした節を避ける,content
jawiki:1110680,jawiki,編集方針,content
jawiki:1122069,jawiki,スタイルマニュアル/表,content
jawiki:1143095,jawiki,過剰な内容の整理,content
jawiki:1238038,jawiki,英語版におけるフリーでないコンテント,content
jawiki:1291375,jawiki,特筆性_(組織),content
jawiki:1292527,jawiki,特筆性_(ウェブ),content
jawiki:1329099,jawiki,ハットノート,content
jawiki:1351447,jawiki,赤リンク,content
jawiki:1381924,jawiki,フリーでないコンテントの使用基準,content
jawiki:1457543,jawiki,独立記事作成の目安,content
jawiki:1463598,jawiki,スタイルマニュアル/レイアウト,content
jawiki:1463611,jawiki,プロジェクト関連文書,content
jawiki:1464158,jawiki,素晴らしい記事を書くには,content
jawiki:1542095,jawiki,曖昧さ回避,content
jawiki:1561887,jawiki,記事名の付け方/鉄道,content
jawiki:1807070,jawiki,医療に関する免責事項,content
jawiki:1825521,jawiki,スタイルマニュアル/フィクション関連,content
jawiki:1845340,jawiki,スタイルマニュアル,content
jawiki:1889427,jawiki,特筆性_(書籍),content
jawiki:1940126,jawiki,Good_article_criteria,content
jawiki:1948088,jawiki,記事に免責事項を載せない,content
jawiki:1961283,jawiki,関連作品,content
jawiki:2000998,jawiki,過剰なカテゴライズ,content
jawiki:2053763,jawiki,特筆性_(人物),content
jawiki:2279176,jawiki,ウィキペディアは何ではないか/ファンサイト,content
jawiki:2307963,jawiki,問い合わせ対応ボランティアチーム,content
jawiki:2386828,jawiki,存命人物の提案削除,content
jawiki:2392629,jawiki,箇条書き,content
jawiki:2497943,jawiki,剽窃,content
jawiki:2508180,jawiki,あらすじの書き方,content
jawiki:2509653,jawiki,言葉を濁さない,content
jawiki:2608757,jawiki,調べもの案内,content
jawiki:2632960,jawiki,サマリースタイル,content
jawiki:2807264,jawiki,色の使用,content
jawiki:2951952,jawiki,記事名の付け方/ヨーロッパ貴族の記事名,content
jawiki:2965540,jawiki,表記ガイド/放送関連および配信関連,content
jawiki:3187780,jawiki,秀逸な記事/秀逸な記事の目安,content
jawiki:3239014,jawiki,専門的な記事も分かり易く,content
jawiki:3270221,jawiki,信頼できる情報源_(医学),content
jawiki:3594119,jawiki,有償の寄稿の開示,content
jawiki:3745866,jawiki,アイコン,content
jawiki:3954090,jawiki,特筆性_(事件),content
jawiki:4141177,jawiki,利用案内,content
jawiki:4297924,jawiki,記事名の付け方/君主の記事名,content
jawiki:4357607,jawiki,フリーな百科事典とは,content
jawiki:4972762,jawiki,利益相反行為,content
jawiki:5036833,jawiki,非主流学説,content
jawiki:5131743,jawiki,スタイルマニュアル/Infobox,content
jawiki:52,jawiki,Text_of_GNU_Free_Documentation_License,user-admin
jawiki:200,jawiki,著作権/2008年7月13日までの文書対象,user-admin
jawiki:477,jawiki,画像利用の方針,user-admin
jawiki:1139,jawiki,Bot,user-admin
jawiki:3253,jawiki,署名,user-admin
jawiki:3260,jawiki,削除の方針,user-admin
jawiki:4409,jawiki,管理者,user-admin
jawiki:29632,jawiki,リダイレクト,user-admin
jawiki:31081,jawiki,説明責任,user-admin
jawiki:37118,jawiki,投稿ブロックの方針,user-admin
jawiki:37855,jawiki,利用者名,user-admin
jawiki:41221,jawiki,免責事項,user-admin
jawiki:41614,jawiki,無意味な記述,user-admin
jawiki:43894,jawiki,管理者への立候補,user-admin
jawiki:58627,jawiki,ビューロクラット,user-admin
jawiki:61283,jawiki,保護の方針,user-admin
jawiki:66947,jawiki,管理者への依頼,user-admin
jawiki:86582,jawiki,不快なコンテンツ,user-admin
jawiki:169222,jawiki,プロジェクト間の移動,user-admin
jawiki:190540,jawiki,復帰の方針,user-admin
jawiki:275577,jawiki,アップロードされたファイルのライセンス,user-admin
jawiki:299343,jawiki,利用者名変更の方針,user-admin
jawiki:323652,jawiki,リダイレクト削除の方針,user-admin
jawiki:371437,jawiki,チェックユーザーの方針,user-admin
jawiki:405974,jawiki,半保護の方針,user-admin
jawiki:534137,jawiki,自著作物の持ち込み,user-admin
jawiki:546346,jawiki,追放の方針,user-admin
jawiki:549232,jawiki,公開プロキシの規制,user-admin
jawiki:550972,jawiki,自著作物の持ち込み/削除依頼を出されたら,user-admin
jawiki:668973,jawiki,即時存続,user-admin
jawiki:686740,jawiki,広域ブロック,user-admin
jawiki:835173,jawiki,管理者の解任,user-admin
jawiki:878692,jawiki,ページの改名,user-admin
jawiki:1089963,jawiki,翻訳のガイドライン,user-admin
jawiki:1247414,jawiki,テンプレートのサンドボックスとテストケース,user-admin
jawiki:1254094,jawiki,影響が特に大きいテンプレート,user-admin
jawiki:1255825,jawiki,雪玉条項,user-admin
jawiki:1297463,jawiki,屋外美術を被写体とする写真の利用方針,user-admin
jawiki:1347524,jawiki,ウィキメディア・プロジェクト,user-admin
jawiki:1451789,jawiki,著作権/履歴の保存,user-admin
jawiki:1467338,jawiki,著作権侵害への対処,user-admin
jawiki:1499156,jawiki,著作権,user-admin
jawiki:1646528,jawiki,即時削除の方針,user-admin
jawiki:1664230,jawiki,提案削除,user-admin
jawiki:1772005,jawiki,IPブロック適用除外,user-admin
jawiki:1862937,jawiki,利用者,user-admin
jawiki:1863958,jawiki,編集フィルター,user-admin
jawiki:2039095,jawiki,事務局行動,user-admin
jawiki:2093539,jawiki,版指定削除,user-admin
jawiki:2103649,jawiki,版指定削除の方針,user-admin
jawiki:2163508,jawiki,編集フィルター編集者,user-admin
jawiki:2231346,jawiki,ショートカット,user-admin
jawiki:2308214,jawiki,巻き戻し者,user-admin
jawiki:2308215,jawiki,削除者,user-admin
jawiki:2322866,jawiki,オーバーサイト依頼,user-admin
jawiki:2323602,jawiki,オーバーサイトの方針,user-admin
jawiki:2536331,jawiki,ウィキペディア内でのコピー,user-admin
jawiki:2622002,jawiki,ウィキペディアを二次利用する,user-admin
jawiki:2720070,jawiki,即時版指定削除の方針,user-admin
jawiki:2880627,jawiki,日本で著作権が消滅し、米国で著作権が消滅していない画像の利用方針,user-admin
jawiki:2884114,jawiki,再出発の方針,user-admin
jawiki:3275354,jawiki,利用者ページ,user-admin
jawiki:3362408,jawiki,アメリカ合衆国以外の国と地域で公表された著作物の著作権について,user-admin
jawiki:3434434,jawiki,アカウント作成者,user-admin
jawiki:3701558,jawiki,拡張半保護の方針,user-admin
jawiki:3941788,jawiki,インターフェース管理者,user-admin
jawiki:5101680,jawiki,仮アカウントIP閲覧者,user-admin
jawiki:5123297,jawiki,仮アカウント,user-admin
jawiki:137,jawiki,議論が白熱しても冷静に,user-user
jawiki:269,jawiki,方針とガイドライン,user-user
jawiki:3170,jawiki,ページの編集は大胆に,user-user
jawiki:3468,jawiki,エチケット,user-user
jawiki:20630,jawiki,ルールすべてを無視しなさい,user-user
jawiki:22349,jawiki,個人攻撃はしない,user-user
jawiki:44113,jawiki,新規参加者を苛めないでください,user-user
jawiki:47585,jawiki,論争の解決,user-user
jawiki:58498,jawiki,合意形成,user-user
jawiki:76100,jawiki,記事の所有権,user-user
jawiki:77096,jawiki,法的な脅迫をしない,user-user
jawiki:134489,jawiki,多重アカウント,user-user
jawiki:294919,jawiki,投票,user-user
jawiki:429114,jawiki,ユーザーボックス,user-user
jawiki:461069,jawiki,荒らし,user-user
jawiki:531152,jawiki,善意にとる,user-user
jawiki:531158,jawiki,礼儀を忘れない,user-user
jawiki:548663,jawiki,スリー・リバート・ルール,user-user
jawiki:713140,jawiki,裁定の方針,user-user
jawiki:755016,jawiki,五本の柱,user-user
jawiki:855546,jawiki,編集合戦,user-user
jawiki:1115446,jawiki,腕ずくで解決しようとしない,user-user
jawiki:1206487,jawiki,ノートページのガイドライン,user-user
jawiki:1349345,jawiki,常に要約欄に記入する,user-user
jawiki:1352861,jawiki,勧誘行為,user-user
jawiki:1777577,jawiki,投稿ブロックへの異議申し立て,user-user
jawiki:1865690,jawiki,規則の概要,user-user
jawiki:2387879,jawiki,攻撃ページ,user-user
jawiki:2548329,jawiki,調停,user-user
jawiki:3073087,jawiki,規則の悪用,user-user
jawiki:3073089,jawiki,妨害的編集,user-user
jawiki:3715489,jawiki,編集フィルターのガイドライン,user-user
jawiki:5122055,jawiki,コメント依頼,user-user
nlwiki:22869,nlwiki,GNU_Vrije_Documentatie_Licentie_in_het_Nederlands,Other
nlwiki:30167,nlwiki,Leeswaarschuwing,Other
nlwiki:63651,nlwiki,Categorieënschema,Other
nlwiki:500871,nlwiki,Alfabetiseren,Other
nlwiki:1628761,nlwiki,Misbruikfilter/Richtlijn,Other
nlwiki:5793129,nlwiki,Tijdelijk_account_voor_gebruikers_zonder_login,Other
nlwiki:703,nlwiki,Benoemen_van_een_pagina,content
nlwiki:1237,nlwiki,Neutraal_standpunt,content
nlwiki:1872,nlwiki,Wat_Wikipedia_niet_is,content
nlwiki:1882,nlwiki,Wanneer_extern_linken,content
nlwiki:3541,nlwiki,Doorverwijspagina,content
nlwiki:18319,nlwiki,Beleid_voor_gebruik_van_media,content
nlwiki:34833,nlwiki,Onenigheid_over_de_neutraliteit,content
nlwiki:61950,nlwiki,Nederlandstalige_titels,content
nlwiki:67134,nlwiki,Archief/Acceptatiebeleid,content
nlwiki:78479,nlwiki,Spellinggids,content
nlwiki:80906,nlwiki,Transliteratie-_en_transcriptiegids,content
nlwiki:100017,nlwiki,Kwaliteitsverbetering,content
nlwiki:124646,nlwiki,Belgisch-Nederlands,content
nlwiki:132858,nlwiki,Nederlands-Nederlands,content
nlwiki:205432,nlwiki,Te_beoordelen,content
nlwiki:214037,nlwiki,Vragen_aan_de_Taalunie,content
nlwiki:215742,nlwiki,Transliteratie-_en_transcriptiegids/Latijn_en_Grieks,content
nlwiki:245459,nlwiki,Citeren,content
nlwiki:268183,nlwiki,Verwijzing,content
nlwiki:314706,nlwiki,Beginnetje,content
nlwiki:316901,nlwiki,Buitenlandse_geografische_namen,content
nlwiki:326070,nlwiki,Lemma,content
nlwiki:343515,nlwiki,Bronvermelding,content
nlwiki:343960,nlwiki,Bronvermelding_in_Harvardstijl,content
nlwiki:350332,nlwiki,Etalage/Wat_is_een_etalageartikel,content
nlwiki:416043,nlwiki,Betrouwbaarheid_van_bronnen,content
nlwiki:477152,nlwiki,Lijst,content
nlwiki:575518,nlwiki,Relevantie/Personen,content
nlwiki:579708,nlwiki,Relevantie/Ondernemingen,content
nlwiki:636117,nlwiki,Portalen,content
nlwiki:657986,nlwiki,Verifieerbaarheid,content
nlwiki:744808,nlwiki,Doorverwijsconstructies,content
nlwiki:750505,nlwiki,Geen_origineel_onderzoek,content
nlwiki:765586,nlwiki,Vrijheid_van_panorama,content
nlwiki:801777,nlwiki,Geannoteerd_artikel,content
nlwiki:821171,nlwiki,Voorbeeldartikel,content
nlwiki:866837,nlwiki,Fancruft,content
nlwiki:933348,nlwiki,Negeer_alle_regels,content
nlwiki:969558,nlwiki,Biografieën_van_levende_personen,content
nlwiki:1001621,nlwiki,Gebruik_gezond_verstand,content
nlwiki:1133420,nlwiki,Linkomanie,content
nlwiki:1155528,nlwiki,Vermijd_superlatieven,content
nlwiki:1172529,nlwiki,Simpele_regels,content
nlwiki:1255773,nlwiki,Redirect,content
nlwiki:1257774,nlwiki,Zelfpromotie,content
nlwiki:1272425,nlwiki,Verstoor_Wikipedia_niet_om_je_standpunt_kracht_bij_te_zetten,content
nlwiki:1382430,nlwiki,Relevantie_van_muziekgerelateerde_artikelen,content
nlwiki:1576350,nlwiki,Sneeuwbalclausule,content
nlwiki:1661545,nlwiki,Contactpunt,content
nlwiki:1834873,nlwiki,Wees_duidelijk_en_concreet,content
nlwiki:1848438,nlwiki,Balans,content
nlwiki:2065561,nlwiki,Transliteratie-_en_transcriptiegids/Arabisch,content
nlwiki:2961220,nlwiki,Artikelbazen,content
nlwiki:3028699,nlwiki,Relevantie,content
nlwiki:3981578,nlwiki,Encyclopediciteit,content
nlwiki:4598705,nlwiki,Tijdsaanduiding,content
nlwiki:1679,nlwiki,Toch_een_paar_regels,user-admin
nlwiki:1878,nlwiki,Wat_je_niet_moet_doen,user-admin
nlwiki:3585,nlwiki,Moderator,user-admin
nlwiki:8838,nlwiki,Aanmelding_moderatoren,user-admin
nlwiki:8976,nlwiki,Auteursrechten,user-admin
nlwiki:9222,nlwiki,Welkom_voor_nieuwkomers,user-admin
nlwiki:32642,nlwiki,Richtlijnen_voor_moderatoren,user-admin
nlwiki:35735,nlwiki,Algemeen_voorbehoud,user-admin
nlwiki:59805,nlwiki,Bureaucraat,user-admin
nlwiki:75512,nlwiki,Stemprocedure,user-admin
nlwiki:93284,nlwiki,Vandalisme,user-admin
nlwiki:94760,nlwiki,Verzoekpagina_voor_moderatoren,user-admin
nlwiki:108445,nlwiki,Regelingen_rond_moderatoren,user-admin
nlwiki:167797,nlwiki,Bots,user-admin
nlwiki:216561,nlwiki,Sokpop,user-admin
nlwiki:235893,nlwiki,Stemlokaal,user-admin
nlwiki:270492,nlwiki,Voorbehoud_bij_medische_informatie,user-admin
nlwiki:284191,nlwiki,Gebruikersboxen,user-admin
nlwiki:308229,nlwiki,Privacybeleid,user-admin
nlwiki:325124,nlwiki,Niet_dreigen_met_juridische_actie,user-admin
nlwiki:517194,nlwiki,Afzetting_moderatoren,user-admin
nlwiki:534606,nlwiki,Gebruikerspagina,user-admin
nlwiki:587019,nlwiki,Checkuser,user-admin
nlwiki:655420,nlwiki,Wikiproject/Projectgroep/Artikel_beoordeling_FAQ,user-admin
nlwiki:655481,nlwiki,Wikiproject/Projectgroep/Gids,user-admin
nlwiki:667562,nlwiki,Wheelwar,user-admin
nlwiki:683189,nlwiki,Open_proxy's_(uitleg),user-admin
nlwiki:688847,nlwiki,Arbitragecommissie/Reglementen,user-admin
nlwiki:775973,nlwiki,Gebruikersnaam,user-admin
nlwiki:805350,nlwiki,Overlegpagina,user-admin
nlwiki:809134,nlwiki,Oversight,user-admin
nlwiki:943735,nlwiki,Democratische_procedures,user-admin
nlwiki:1628845,nlwiki,Misbruikfilter,user-admin
nlwiki:1668258,nlwiki,Uitgezonderden_van_IP-adresblokkades,user-admin
nlwiki:1698141,nlwiki,Bureaucraat/Regeling_bureaucraatstatus,user-admin
nlwiki:1700761,nlwiki,Hernominaties,user-admin
nlwiki:2064638,nlwiki,Coachingsprogramma,user-admin
nlwiki:4934869,nlwiki,Blokkeerbeleid,user-admin
nlwiki:5088889,nlwiki,Interfacemoderator,user-admin
nlwiki:5623485,nlwiki,Terugdraaier,user-admin
nlwiki:5923342,nlwiki,AI_en_Wikipedia,user-admin
nlwiki:33856,nlwiki,Koel_blijven,user-user
nlwiki:77594,nlwiki,Wikiquette,user-user
nlwiki:95329,nlwiki,Geen_persoonlijke_aanvallen,user-user
nlwiki:98923,nlwiki,Conflictafhandeling,user-user
nlwiki:103203,nlwiki,Consensus,user-user
nlwiki:301716,nlwiki,Voel_je_vrij_en_ga_je_gang,user-user
nlwiki:313569,nlwiki,Wees_meedogenloos,user-user
nlwiki:336338,nlwiki,Te_beoordelen_pagina's,user-user
nlwiki:517727,nlwiki,Ga_uit_van_goede_wil,user-user
nlwiki:525021,nlwiki,Ondertekening,user-user
nlwiki:527635,nlwiki,Hoffelijkheid,user-user
nlwiki:552810,nlwiki,Bewerkingsoorlog,user-user
nlwiki:635006,nlwiki,Vijf_zuilen,user-user
nlwiki:929190,nlwiki,Verwelkom_bewerkingen_van_anoniemen,user-user
nlwiki:1001509,nlwiki,"Wat_""negeer_alle_regels""_betekent",user-user
nlwiki:1102047,nlwiki,Bijt_de_nieuwelingen_niet,user-user
nlwiki:1114602,nlwiki,Omgaan_met_trollen,user-user
nlwiki:1175797,nlwiki,Deel_geen_sjablonen_uit_alsof_het_koekjes_zijn,user-user
nlwiki:1301030,nlwiki,Nagelopen_versies,user-user
nlwiki:1403483,nlwiki,Verzoeken_om_commentaar,user-user
nlwiki:1667976,nlwiki,Projectverstorend_gedrag,user-user
nlwiki:1790458,nlwiki,Het_recht_Wikipedia_te_verlaten,user-user
nlwiki:1828482,nlwiki,Conventies,user-user
nlwiki:4002530,nlwiki,Het_systeem_bespelen,user-user
nlwiki:5226704,nlwiki,Ideeënbus,user-user
nlwiki:5758805,nlwiki,Drierevertsregel,user-user
