node_id,wiki,page_id,title,namespace,qid,confidence,admitted_via,native,status_tier
enwiki:9769,enwiki,9769,Editing_policy,4,Q8302842,core,status_template,1,
enwiki:13231,enwiki,13231,Redirect,4,Q4832177,core,status_template,1,
enwiki:33548,enwiki,33548,Spoiler,4,Q5525169,core,status_template,1,
enwiki:33697,enwiki,33697,Manual_of_Style,4,Q4994848,core,status_template,1,
enwiki:38760,enwiki,38760,Article_titles,4,Q3186256,core,status_template,1,
enwiki:39801,enwiki,39801,What_Wikipedia_is_not,4,Q4345841,core,status_template,1,
enwiki:39805,enwiki,39805,Neutral_point_of_view,4,Q4656487,core,status_template,1,
enwiki:39809,enwiki,39809,Etiquette,4,Q3621820,core,status_template,1,
enwiki:49479,enwiki,49479,Copyrights,4,Q4375196,core,status_template,1,
enwiki:49480,enwiki,49480,Administrators,4,Q4039395,core,status_template,1,
enwiki:49483,enwiki,49483,Ignore_all_rules,4,Q4656211,core,status_template,1,
enwiki:49698,enwiki,49698,Citing_sources,4,Q642335,core,status_template,1,
enwiki:50144,enwiki,50144,Do_not_include_the_full_text_of_lengthy_primary_sources,4,Q10948878,core,status_template,1,
enwiki:50178,enwiki,50178,No_personal_attacks,4,Q4654725,core,status_template,1,
enwiki:50181,enwiki,50181,Signatures,4,Q4663253,core,status_template,1,
enwiki:50260,enwiki,50260,Offensive_material,4,Q10955086,core,status_template,1,
enwiki:58892,enwiki,58892,WikiProject_Tree_of_Life,4,Q8503033,core,iw_qid,0,
enwiki:59549,enwiki,59549,Naming_conventions_(ships),4,Q16028026,core,status_template,1,
enwiki:64347,enwiki,64347,Image_use_policy,4,Q6618850,core,status_template,1,
enwiki:67730,enwiki,67730,Naming_conventions_(royalty_and_nobility),4,Q14360138,core,status_template,1,
enwiki:67736,enwiki,67736,Naming_conventions_(use_English-language_sources),4,Q10980505,core,status_template,1,
enwiki:67739,enwiki,67739,Naming_conventions_(capitalization),4,Q11773638,core,status_template,1,
enwiki:67748,enwiki,67748,Naming_conventions_(plurals),4,Q15711078,core,status_template,1,
enwiki:67753,enwiki,67753,Naming_conventions_(films),4,Q14360139,core,status_template,1,
enwiki:99719,enwiki,99719,Stub,4,Q4663261,core,status_template,1,
enwiki:100854,enwiki,100854,Naming_conventions_(Korean),4,Q3622720,core,status_template,1,
enwiki:140524,enwiki,140524,Vandalism,4,Q4664011,core,status_template,1,
enwiki:143131,enwiki,143131,Manual_of_Style/Layout,4,Q4663958,core,status_template,1,
enwiki:153086,enwiki,153086,Naming_conventions_(languages),4,Q62083045,core,status_template,1,
enwiki:168684,enwiki,168684,Username_policy,4,Q4664077,core,status_template,1,
enwiki:173830,enwiki,173830,Manual_of_Style/Biography,4,Q4657349,core,status_template,1,
enwiki:177606,enwiki,177606,Libel,4,Q4663273,core,status_template,1,
enwiki:180904,enwiki,180904,Naming_conventions_(aircraft),4,Q10990315,core,status_template,1,
enwiki:183692,enwiki,183692,Manual_of_Style/Dates_and_numbers,4,Q5525311,core,status_template,1,
enwiki:192954,enwiki,192954,Article_size,4,Q4657380,core,status_template,1,
enwiki:195122,enwiki,195122,Naming_conventions_(Chinese),4,Q4657213,core,status_template,1,
enwiki:199863,enwiki,199863,Naming_conventions_(music),4,Q15868588,core,status_template,1,
enwiki:216487,enwiki,216487,Edit_warring,4,Q4759272,core,status_template,1,
enwiki:225052,enwiki,225052,General_disclaimer,4,Q4980478,core,iw_qid,0,
enwiki:233024,enwiki,233024,Accuracy_dispute,4,Q5617729,core,status_template,1,
enwiki:239780,enwiki,239780,Naming_conventions_(fauna),4,Q12104272,core,status_template,1,
enwiki:242275,enwiki,242275,Blocking_policy,4,Q175291,core,status_template,1,
enwiki:247596,enwiki,247596,As_of,4,Q11128024,core,status_template,1,
enwiki:249495,enwiki,249495,Manual_of_Style/Tables,4,Q19339674,core,status_template,1,
enwiki:252706,enwiki,252706,Manual_of_Style/Titles_of_works,4,Q12126336,core,status_template,1,
enwiki:256889,enwiki,256889,Manual_of_Style/Images,4,Q16745099,core,status_template,1,
enwiki:266143,enwiki,266143,Please_do_not_bite_the_newcomers,4,Q4657367,core,status_template,1,
enwiki:273430,enwiki,273430,Manual_of_Style/Self-references_to_avoid,4,Q11888427,core,status_template,1,
enwiki:284702,enwiki,284702,Autobiographies,4,Q4657322,core,status_template,1,
enwiki:286178,enwiki,286178,Notability_(people),4,Q4663321,core,status_template,1,
enwiki:286793,enwiki,286793,Subpages,4,Q4592255,core,status_template,1,
enwiki:317870,enwiki,317870,External_links,4,Q4657623,core,status_template,1,
enwiki:318931,enwiki,318931,Manual_of_Style/Legal,4,Q115857856,core,status_template,1,
enwiki:320013,enwiki,320013,Manual_of_Style/Lists,4,Q4656789,core,status_template,1,
enwiki:322950,enwiki,322950,Deletion_guidelines_for_administrators,4,Q13417617,core,status_template,1,
enwiki:324033,enwiki,324033,Non-free_content,4,Q4657739,core,status_template,1,
enwiki:326245,enwiki,326245,Ownership_of_content,4,Q4663994,core,status_template,1,
enwiki:342552,enwiki,342552,Naming_conventions_(clergy),4,,core,status_template,1,
enwiki:345326,enwiki,345326,Manual_of_Style/Japan-related_articles,4,Q14360534,core,status_template,1,
enwiki:351777,enwiki,351777,Manual_of_Style/Pronunciation,4,Q12126157,core,status_template,1,
enwiki:371142,enwiki,371142,Logos,4,Q15555389,core,status_template,1,
enwiki:371920,enwiki,371920,Manual_of_Style/China-_and_Chinese-related_articles,4,Q13548091,core,status_template,1,
enwiki:381879,enwiki,381879,Medical_disclaimer,4,Q10640396,core,iw_qid,0,
enwiki:390228,enwiki,390228,User_pages,4,Q4592334,core,status_template,1,
enwiki:392393,enwiki,392393,Protection_policy,4,Q4616470,core,status_template,1,
enwiki:403058,enwiki,403058,Naming_conventions_(comics),4,Q94239134,core,status_template,1,
enwiki:408746,enwiki,408746,Manual_of_Style/Embedded_lists,4,Q13359562,core,wikidata,1,
enwiki:408749,enwiki,408749,Stand-alone_lists,4,Q21484011,core,status_template,1,
enwiki:410235,enwiki,410235,No_original_research,4,Q4656524,core,status_template,1,
enwiki:422058,enwiki,422058,Edit_summary_legend,4,Q15408491,core,iw_qid,0,
enwiki:425887,enwiki,425887,Speedy_deletion,4,Q4664109,core,status_template,1,
enwiki:428038,enwiki,428038,Dispute_resolution,4,Q4654667,core,status_template,1,
enwiki:434648,enwiki,434648,Red_link,4,Q13417974,core,status_template,1,
enwiki:450740,enwiki,450740,Arbitration/Policy,4,Q4616152,core,status_template,1,
enwiki:456268,enwiki,456268,Civility,4,Q4654593,core,status_template,1,
enwiki:458380,enwiki,458380,Terms_of_use,4,Q118719909,core,status_template,1,
enwiki:469393,enwiki,469393,Sockpuppetry,4,Q4131621,core,status_template,1,
enwiki:475196,enwiki,475196,Bureaucrats,4,Q4048515,core,iw_qid,0,
enwiki:475703,enwiki,475703,Requests_for_administrator_attention,4,Q3907246,core,iw_qid,0,
enwiki:502959,enwiki,502959,Assume_good_faith,4,Q4663356,core,status_template,1,
enwiki:526968,enwiki,526968,Manual_of_Style/Lead_section,4,Q10966628,core,status_template,1,
enwiki:542426,enwiki,542426,Do_not_disrupt_Wikipedia_to_illustrate_a_point,4,Q4657775,core,status_template,1,
enwiki:545209,enwiki,545209,Naming_conventions_(stations),4,,core,status_template,1,
enwiki:551841,enwiki,551841,Naming_conventions_(ancient_Romans),4,,core,status_template,1,
enwiki:564696,enwiki,564696,Help_desk,4,Q4026300,core,iw_qid,0,
enwiki:590478,enwiki,590478,Project_namespace,4,Q10973440,core,status_template,1,
enwiki:641471,enwiki,641471,Banning_policy,4,Q6140266,core,status_template,1,
enwiki:681638,enwiki,681638,Manual_of_Style/Trademarks,4,Q13548084,core,status_template,1,
enwiki:690931,enwiki,690931,Categorization,4,Q4167836,core,status_template,1,
enwiki:705428,enwiki,705428,Template_namespace,4,Q11266439,core,status_template,1,
enwiki:746942,enwiki,746942,Shortcut,4,Q620197,core,status_template,1,
enwiki:756575,enwiki,756575,Manual_of_Style/Captions,4,Q9137568,core,status_template,1,
enwiki:800830,enwiki,800830,"Categories,_lists,_and_navigation_templates",4,Q7512282,core,status_template,1,
enwiki:805445,enwiki,805445,Consensus,4,Q4654351,core,status_template,1,
enwiki:815014,enwiki,815014,Privacy_policy,4,Q4994089,core,status_template,1,
enwiki:834114,enwiki,834114,Deletion_process,4,Q11055873,core,status_template,1,
enwiki:839347,enwiki,839347,Summary_style,4,Q4664121,core,status_template,1,
enwiki:860842,enwiki,860842,Naming_conventions_(chemistry),4,Q15868585,core,status_template,1,
enwiki:890739,enwiki,890739,Soft_redirect,4,Q7200789,core,status_template,1,
enwiki:911375,enwiki,911375,Naming_conventions_(television),4,Q15868591,core,status_template,1,
enwiki:959720,enwiki,959720,Categorization/Sorting_names,4,,core,status_template,1,
enwiki:986140,enwiki,986140,Village_pump_(policy),4,Q3178474,core,iw_qid,0,
enwiki:986312,enwiki,986312,People_by_year,4,,core,status_template,1,
enwiki:1008161,enwiki,1008161,Page_blanking,4,Q15868646,core,status_template,1,
enwiki:1030587,enwiki,1030587,Troll,4,Q5009903,core,iw_qid,0,
enwiki:1206185,enwiki,1206185,Manual_of_Style/Linking,4,Q14767226,core,status_template,1,
enwiki:1222510,enwiki,1222510,Naming_conventions_(definite_or_indefinite_article_at_beginning_of_name),4,Q105967650,core,status_template,1,
enwiki:1252005,enwiki,1252005,Copyright_violations,4,Q10990487,core,status_template,1,
enwiki:1297829,enwiki,1297829,Annotated_article,4,Q15868027,core,iw_qid,0,
enwiki:1327490,enwiki,1327490,Naming_conventions_(government_and_legislation),4,,core,status_template,1,
enwiki:1412568,enwiki,1412568,Manual_of_Style/Mathematics,4,Q13548085,core,status_template,1,
enwiki:1420584,enwiki,1420584,Notability_(music),4,Q4663944,core,status_template,1,
enwiki:1490960,enwiki,1490960,Donating_copyrighted_materials,4,Q10986184,core,iw_qid,0,
enwiki:1508327,enwiki,1508327,Manual_of_Style/Music,4,Q13310316,core,status_template,1,
enwiki:1520472,enwiki,1520472,Manual_of_Style/Spelling,4,Q10954578,core,status_template,1,
enwiki:1669570,enwiki,1669570,Naming_conventions_(country-specific_topics),4,Q108045170,core,status_template,1,
enwiki:1688215,enwiki,1688215,Content_forks,4,Q10957687,core,status_template,1,
enwiki:1708590,enwiki,1708590,Manual_of_Style/Latter_Day_Saints,4,,core,status_template,1,
enwiki:1743525,enwiki,1743525,Talk_page_guidelines,4,Q5641607,core,status_template,1,
enwiki:1756629,enwiki,1756629,Make_technical_articles_understandable,4,Q11774021,core,status_template,1,
enwiki:1816540,enwiki,1816540,Trifecta,4,Q13609652,core,overview,1,
enwiki:1827402,enwiki,1827402,Talk_page_templates,4,Q13548080,core,status_template,1,
enwiki:1830559,enwiki,1830559,Manual_of_Style/Disambiguation_pages,4,Q8783229,core,status_template,1,
enwiki:1836721,enwiki,1836721,No_disclaimers,4,Q14360366,core,status_template,1,
enwiki:1945468,enwiki,1945468,Naming_conventions_(operas),4,Q15994116,core,status_template,1,
enwiki:2100084,enwiki,2100084,Gaming_the_system,4,Q8917381,core,status_template,1,
enwiki:2115889,enwiki,2115889,Manual_of_Style/Visual_arts,4,Q14011832,core,status_template,1,
enwiki:2144215,enwiki,2144215,Manual_of_Style/Ireland-related_articles,4,,core,status_template,1,
enwiki:2159945,enwiki,2159945,Notability_(web),4,Q4663933,core,status_template,1,
enwiki:2252704,enwiki,2252704,Manual_of_Style/Lists_of_works,4,Q11114424,core,status_template,1,
enwiki:2262650,enwiki,2262650,Category_names,4,Q11127329,core,status_template,1,
enwiki:2271987,enwiki,2271987,Plagiarism,4,Q8085769,core,status_template,1,
enwiki:2273832,enwiki,2273832,Manual_of_Style/Arabic,4,Q15868552,core,status_template,1,
enwiki:2356700,enwiki,2356700,Articles_for_deletion,4,Q22897,core,iw_qid,0,
enwiki:2424016,enwiki,2424016,Notability_(numbers),4,Q6447825,core,status_template,1,
enwiki:2491966,enwiki,2491966,Harassment,4,Q10971677,core,status_template,1,
enwiki:2533281,enwiki,2533281,Contents/Portals,4,Q5008867,core,iw_qid,0,
enwiki:2580363,enwiki,2580363,Naming_conventions_(lists),4,Q15994124,core,status_template,1,
enwiki:2580427,enwiki,2580427,File_names,4,Q15142981,core,status_template,1,
enwiki:2589853,enwiki,2589853,Categorizing_articles_about_people,4,Q4656638,core,status_template,1,
enwiki:2609425,enwiki,2609425,Requests_for_adminship,4,Q4048254,core,iw_qid,0,
enwiki:2619226,enwiki,2619226,Naming_conventions_(Hebrew),4,Q4657130,core,status_template,1,
enwiki:2633486,enwiki,2633486,Naming_conventions_(people),4,Q10972639,core,status_template,1,
enwiki:2652807,enwiki,2652807,Notability_(organizations_and_companies),4,Q7906941,core,status_template,1,
enwiki:2678315,enwiki,2678315,Hatnote,4,Q20706711,core,status_template,1,
enwiki:2744112,enwiki,2744112,Content_assessment,4,Q10980800,core,status_template,1,
enwiki:2747122,enwiki,2747122,Non-free_content_criteria,4,Q4391089,core,status_template,1,
enwiki:2833869,enwiki,2833869,Speedy_keep,4,Q9136557,core,status_template,1,
enwiki:2856112,enwiki,2856112,Naming_conventions_(Norse_mythology),4,,core,status_template,1,
enwiki:3050699,enwiki,3050699,Manual_of_Style/Islam-related_articles,4,Q10970929,core,status_template,1,
enwiki:3072008,enwiki,3072008,Naming_conventions_(geographic_names),4,Q13308622,core,status_template,1,
enwiki:3105399,enwiki,3105399,Manual_of_Style/Record_charts,4,Q112708007,core,status_template,1,
enwiki:3119680,enwiki,3119680,Naming_conventions_(manuscripts),4,Q127951310,core,status_template,1,
enwiki:3166178,enwiki,3166178,Naming_conventions_(numbers_and_dates),4,,core,status_template,1,
enwiki:3182365,enwiki,3182365,Public_domain,4,Q5733528,core,status_template,1,
enwiki:3452342,enwiki,3452342,Biographies_of_living_persons,4,Q4663389,core,status_template,1,
enwiki:3464331,enwiki,3464331,High-risk_templates,4,Q11774053,core,status_template,1,
enwiki:3507110,enwiki,3507110,Notability_(academics),4,Q7908103,core,status_template,1,
enwiki:3595100,enwiki,3595100,Manual_of_Style/Hawaii-related_articles,4,,core,status_template,1,
enwiki:3600180,enwiki,3600180,Do_not_create_hoaxes,4,Q10977489,core,status_template,1,
enwiki:3600598,enwiki,3600598,Naming_conventions_(books),4,Q12097930,core,status_template,1,
enwiki:3618089,enwiki,3618089,Manual_of_Style/Accessibility,4,Q5525713,core,status_template,1,
enwiki:3706897,enwiki,3706897,Village_pump_(proposals),4,Q5854231,core,iw_qid,0,
enwiki:3767009,enwiki,3767009,Manual_of_Style/Abbreviations,4,Q12126069,core,status_template,1,
enwiki:3785404,enwiki,3785404,Fringe_theories,4,Q9276887,core,status_template,1,
enwiki:3788007,enwiki,3788007,Open_proxies,4,Q4656540,core,status_template,1,
enwiki:3810687,enwiki,3810687,Wikimedia_sister_projects,4,Q10823887,core,status_template,1,
enwiki:3812618,enwiki,3812618,Survey,4,Q14339449,core,iw_qid,0,
enwiki:3834020,enwiki,3834020,List_of_guidelines,4,Q6553952,core,overview,1,
enwiki:3869030,enwiki,3869030,Manual_of_Style/Korea-related_articles,4,Q15868558,core,status_template,1,
enwiki:3878148,enwiki,3878148,Manual_of_Style/Computer_science,4,Q15613339,core,status_template,1,
enwiki:3895646,enwiki,3895646,Voting,4,Q4657677,core,iw_qid,0,
enwiki:3897792,enwiki,3897792,Reusing_Wikipedia_content,4,Q11562401,core,status_template,1,
enwiki:3921878,enwiki,3921878,Naming_conventions_(companies),4,Q13055351,core,status_template,1,
enwiki:3961892,enwiki,3961892,Verifiability,4,Q79951,core,status_template,1,
enwiki:3968093,enwiki,3968093,Rollback,4,Q5148465,core,status_template,1,
enwiki:3982570,enwiki,3982570,Office_actions,4,Q11098188,core,iw_qid,0,
enwiki:4003700,enwiki,4003700,Naming_conventions_(ice_hockey),4,,core,status_template,1,
enwiki:4083092,enwiki,4083092,Volunteer_Response_Team,4,Q4063423,core,status_template,1,
enwiki:4098581,enwiki,4098581,Manual_of_Style/Text_formatting,4,Q11243563,core,status_template,1,
enwiki:4180195,enwiki,4180195,Manual_of_Style/Capital_letters,4,Q12126092,core,status_template,1,
enwiki:4226521,enwiki,4226521,Naming_conventions_(Greek),4,Q14698320,core,status_template,1,
enwiki:4280777,enwiki,4280777,Overlinking,4,Q118238622,core,wikidata,1,
enwiki:4337112,enwiki,4337112,Good_article_criteria,4,Q8978473,core,iw_qid,0,
enwiki:4337560,enwiki,4337560,Manual_of_Style/Infoboxes,4,Q11168140,core,status_template,1,
enwiki:4389093,enwiki,4389093,Naming_conventions_(UK_stations),4,,core,status_template,1,
enwiki:4715286,enwiki,4715286,Featured_article_criteria,4,Q5525127,core,iw_qid,0,
enwiki:4815725,enwiki,4815725,Naming_conventions_(Indic),4,Q15868582,core,status_template,1,
enwiki:5025820,enwiki,5025820,Policies_and_guidelines,4,Q4656150,core,status_template,1,
enwiki:5294102,enwiki,5294102,Manual_of_Style/Trivia_sections,4,Q5525012,core,status_template,1,
enwiki:5320732,enwiki,5320732,Days_of_the_year,4,Q15125252,core,status_template,1,
enwiki:5535405,enwiki,5535405,Manual_of_Style/Music_samples,4,Q15060174,core,status_template,1,
enwiki:5710938,enwiki,5710938,Spellchecking,4,Q127926069,core,status_template,1,
enwiki:5711150,enwiki,5711150,Oversight,4,Q4048674,core,status_template,1,
enwiki:5778115,enwiki,5778115,Appealing_a_block,4,Q13360396,core,status_template,1,
enwiki:5779956,enwiki,5779956,Notability_(books),4,Q11889184,core,status_template,1,
enwiki:5842813,enwiki,5842813,Three-revert_rule,4,Q4656567,core,wikidata,1,
enwiki:5845681,enwiki,5845681,Notability_(films),4,Q11888851,core,status_template,1,
enwiki:5905788,enwiki,5905788,Manual_of_Style/Comics,4,Q20812701,core,status_template,1,
enwiki:5951599,enwiki,5951599,Manual_of_Style/Cue_sports,4,,core,status_template,1,
enwiki:6155219,enwiki,6155219,Manual_of_Style/Medicine-related_articles,4,Q13542643,core,status_template,1,
enwiki:6163896,enwiki,6163896,Requests_for_oversight,4,Q9136332,core,iw_qid,0,
enwiki:6256591,enwiki,6256591,Naming_conventions_(football_in_Australia),4,,core,status_template,1,
enwiki:6261097,enwiki,6261097,Indic_transliteration,4,,core,status_template,1,
enwiki:6271083,enwiki,6271083,Manual_of_Style/Film,4,Q12486883,core,status_template,1,
enwiki:6278516,enwiki,6278516,Manual_of_Style/Philippines-related_articles,4,,core,status_template,1,
enwiki:6468427,enwiki,6468427,WikiProject_Council/Guide,4,Q10783941,core,status_template,1,
enwiki:6796177,enwiki,6796177,Non-US_copyrights,4,Q131410381,core,status_template,1,
enwiki:6818491,enwiki,6818491,Naming_conventions_(U.S._state_and_territory_highways),4,,core,status_template,1,
enwiki:6888715,enwiki,6888715,Notability,4,Q4657574,core,status_template,1,
enwiki:6947029,enwiki,6947029,Naming_conventions_(New_Zealand),4,Q15994121,core,status_template,1,
enwiki:6994445,enwiki,6994445,Naming_conventions_(astronomical_objects),4,Q15711079,core,status_template,1,
enwiki:7104297,enwiki,7104297,Naming_conventions_(flora),4,Q12104471,core,status_template,1,
enwiki:7113497,enwiki,7113497,Manual_of_Style/Road_junction_lists,4,,core,status_template,1,
enwiki:7178497,enwiki,7178497,Adopt-a-user,4,Q3919128,core,iw_qid,0,
enwiki:7221398,enwiki,7221398,Scientific_citation_guidelines,4,Q116090271,core,status_template,1,
enwiki:7405923,enwiki,7405923,Naming_conventions_(events),4,Q15525620,core,status_template,1,
enwiki:7406238,enwiki,7406238,Canvassing,4,Q13365390,core,status_template,1,
enwiki:7748754,enwiki,7748754,Conflict_of_interest,4,Q4663309,core,status_template,1,
enwiki:7763344,enwiki,7763344,Manual_of_Style/Icons,4,Q13548090,core,status_template,1,
enwiki:7772632,enwiki,7772632,Naming_conventions_(Germany),4,,core,status_template,1,
enwiki:7861408,enwiki,7861408,Identifying_reliable_sources_(medicine),4,Q15868266,core,status_template,1,
enwiki:8085014,enwiki,8085014,Overcategorization,4,Q8646596,core,status_template,1,
enwiki:8220773,enwiki,8220773,Naming_conventions_(technical_restrictions),4,Q10416758,core,status_template,1,
enwiki:8488622,enwiki,8488622,Non-free_use_rationale_guideline,4,Q11160614,core,status_template,1,
enwiki:8539050,enwiki,8539050,Patent_nonsense,4,Q11022068,core,status_template,1,
enwiki:8634849,enwiki,8634849,Conflict_of_interest/Noticeboard,4,Q18147721,core,wikidata,1,
enwiki:8662245,enwiki,8662245,Manual_of_Style/Video_games,4,Q14360535,core,status_template,1,
enwiki:8955233,enwiki,8955233,Manual_of_Style/France-_and_French-related_articles,4,Q15868557,core,status_template,1,
enwiki:9385389,enwiki,9385389,Naming_conventions_(political_parties),4,Q15994118,core,status_template,1,
enwiki:9436599,enwiki,9436599,Naming_conventions_(Burmese),4,,core,status_template,1,
enwiki:9484449,enwiki,9484449,Naming_conventions_(Mongolian),4,,core,status_template,1,
enwiki:9647390,enwiki,9647390,Manual_of_Style/Television,4,Q13548083,core,status_template,1,
enwiki:10114151,enwiki,10114151,Courtesy_vanishing,4,Q11015648,core,status_template,1,
enwiki:10371968,enwiki,10371968,Reviewing_good_articles,4,Q20949640,core,status_template,1,
enwiki:10622150,enwiki,10622150,Reference_desk/Guidelines/Medical_advice,4,,core,status_template,1,
enwiki:10794484,enwiki,10794484,Manual_of_Style/Novels,4,Q13599930,core,status_template,1,
enwiki:11003739,enwiki,11003739,Manual_of_Style/Indonesia-related_articles,4,Q61365434,core,status_template,1,
enwiki:11442989,enwiki,11442989,Categorizing_redirects,4,Q15100248,core,status_template,1,
enwiki:11446256,enwiki,11446256,Naming_conventions_(baseball_players),4,,core,status_template,1,
enwiki:12702485,enwiki,12702485,Manual_of_Style/India-related_articles,4,Q120690355,core,status_template,1,
enwiki:12856110,enwiki,12856110,Wikipedia_is_not_a_dictionary,4,Q11012189,core,status_template,1,
enwiki:12940458,enwiki,12940458,Manual_of_Style/Anime_and_manga,4,Q12125348,core,status_template,1,
enwiki:13010165,enwiki,13010165,Notability_(sports),4,Q11889803,core,status_template,1,
enwiki:13340194,enwiki,13340194,Manual_of_Style/Military_history,4,Q31202212,core,status_template,1,
enwiki:13399856,enwiki,13399856,Naming_conventions_(video_games),4,Q14394158,core,status_template,1,
enwiki:13410706,enwiki,13410706,Linking_to_external_harassment,4,Q97376331,core,status_template,1,
enwiki:13646211,enwiki,13646211,Naming_conventions_(Armenian),4,,core,status_template,1,
enwiki:13651139,enwiki,13651139,Responding_to_threats_of_harm,4,Q13627492,core,status_template,1,
enwiki:13971546,enwiki,13971546,Manual_of_Style/Malaysia-related_articles,4,Q29653429,core,wikidata,1,
enwiki:14244520,enwiki,14244520,WikiProject_Schools/Article_advice,4,Q19828005,core,iw_qid,0,
enwiki:14664589,enwiki,14664589,Manual_of_Style/Canada-related_articles,4,,core,status_template,1,
enwiki:14853924,enwiki,14853924,Manual_of_Style/Singapore-related_articles,4,,core,status_template,1,
enwiki:15221315,enwiki,15221315,IP_block_exemption,4,Q4048709,core,status_template,1,
enwiki:15606128,enwiki,15606128,No_legal_threats,4,Q4654415,core,status_template,1,
enwiki:15616951,enwiki,15616951,In_the_news/Recurring_items,4,Q16944948,core,status_template,1,
enwiki:15667332,enwiki,15667332,Overcategorization/User_categories,4,,core,status_template,1,
enwiki:16089740,enwiki,16089740,Manual_of_Style/Chemistry,4,Q15868551,core,status_template,1,
enwiki:16681788,enwiki,16681788,User_categories,4,Q28103285,core,status_template,1,
enwiki:16810391,enwiki,16810391,CheckUser,4,Q4049038,core,status_template,1,
enwiki:16819254,enwiki,16819254,Bot_policy,4,Q8639023,core,status_template,1,
enwiki:16882310,enwiki,16882310,Userboxes,4,Q4657797,core,status_template,1,
enwiki:17025356,enwiki,17025356,Notability_(geographic_features),4,Q11099031,core,status_template,1,
enwiki:17054975,enwiki,17054975,Disambiguation,4,Q118521146,core,status_template,1,
enwiki:17712549,enwiki,17712549,WikiProject_Aircraft/Naming,4,,core,status_template,1,
enwiki:17817592,enwiki,17817592,Global_rights_policy,4,Q15868233,core,status_template,1,
enwiki:18088626,enwiki,18088626,Edit_filter,4,Q4582485,core,status_template,1,
enwiki:18807112,enwiki,18807112,Notability_(events),4,Q7236489,core,status_template,1,
enwiki:19005456,enwiki,19005456,Spam,4,Q8915865,core,status_template,1,
enwiki:19389401,enwiki,19389401,Attack_page,4,Q14360533,core,status_template,1,
enwiki:19393620,enwiki,19393620,Manual_of_Style/Glossaries,4,Q103326994,core,iw_qid,0,
enwiki:19585516,enwiki,19585516,Naming_conventions_(law_enforcement_agency_categories),4,Q130223980,core,overview,1,
enwiki:19897450,enwiki,19897450,Manual_of_Style/Romanization_of_Ukrainian,4,Q15945171,core,status_template,1,
enwiki:20781576,enwiki,20781576,Manual_of_Style/Writing_about_fiction,4,Q11293678,core,status_template,1,
enwiki:20781735,enwiki,20781735,List_of_policies,4,Q12201154,core,overview,1,
enwiki:20786118,enwiki,20786118,Disruptive_editing,4,Q13409276,core,status_template,1,
enwiki:20822686,enwiki,20822686,Naming_conventions_(sportspeople),4,,core,status_template,1,
enwiki:20988867,enwiki,20988867,Text_of_the_GNU_Free_Documentation_License,4,Q5829664,core,iw_qid,0,
enwiki:21372545,enwiki,21372545,Arbitration_Committee/CheckUser_and_Oversight,4,Q19159640,core,status_template,1,
enwiki:21402789,enwiki,21402789,Reference_desk/Guidelines,4,Q135734799,core,status_template,1,
enwiki:21421849,enwiki,21421849,Manual_of_Style/Poland-related_articles,4,Q13606427,core,status_template,1,
enwiki:21438123,enwiki,21438123,Substitution,4,Q9079948,core,status_template,1,
enwiki:21438480,enwiki,21438480,Be_bold,4,Q3916099,core,status_template,1,
enwiki:21457036,enwiki,21457036,Manual_of_Style/Stringed_instrument_tunings,4,,core,status_template,1,
enwiki:22215651,enwiki,22215651,Manual_of_Style/Hidden_text,4,Q8615031,core,status_template,1,
enwiki:22686814,enwiki,22686814,Deceased_Wikipedians/Guidelines,4,Q14972682,core,status_template,1,
enwiki:22755284,enwiki,22755284,Naming_conventions_(West_Bank),4,,core,status_template,1,
enwiki:22880321,enwiki,22880321,Revision_deletion,4,Q4656800,core,status_template,1,
enwiki:23455461,enwiki,23455461,Manual_of_Style/Blazon,4,,core,status_template,1,
enwiki:24336286,enwiki,24336286,Copying_within_Wikipedia,4,Q10729797,core,status_template,1,
enwiki:24374899,enwiki,24374899,Naming_conventions_(broadcasting),4,,core,status_template,1,
enwiki:24498891,enwiki,24498891,Naming_conventions_(sports_teams),4,Q16243508,core,status_template,1,
enwiki:25225324,enwiki,25225324,Reliable_sources,4,Q4663914,core,status_template,1,
enwiki:25455885,enwiki,25455885,Wikimedia_policy,4,Q83699923,core,status_template,1,
enwiki:25816154,enwiki,25816154,Contentious_topics,4,Q16799070,core,overview,1,
enwiki:26445787,enwiki,26445787,Proposed_deletion_of_biographies_of_living_people,4,Q47013094,core,status_template,1,
enwiki:26803395,enwiki,26803395,Requests_for_undeletion,4,Q13429672,core,iw_qid,0,
enwiki:27124694,enwiki,27124694,Child_protection,4,Q11157638,core,status_template,1,
enwiki:27126470,enwiki,27126470,Naming_conventions_(Tibetan),4,Q4657259,core,status_template,1,
enwiki:27137897,enwiki,27137897,Manual_of_Style/Words_to_watch,4,Q4663975,core,status_template,1,
enwiki:27294115,enwiki,27294115,Naming_conventions_(US_stations),4,,core,status_template,1,
enwiki:27463705,enwiki,27463705,Record_charts,4,Q15868761,core,status_template,1,
enwiki:27560252,enwiki,27560252,Lists,4,Q13406463,core,iw_qid,0,
enwiki:27765207,enwiki,27765207,Manual_of_Style/Superscripts_and_subscripts,4,,core,status_template,1,
enwiki:28140535,enwiki,28140535,Reference_desk,4,Q3907025,core,overview,1,
enwiki:28774587,enwiki,28774587,Manual_of_Style/Snooker,4,,core,status_template,1,
enwiki:28807595,enwiki,28807595,Clean_start,4,Q12126916,core,status_template,1,
enwiki:30329918,enwiki,30329918,Deletion_policy,4,Q5009984,core,status_template,1,
enwiki:30726565,enwiki,30726565,Manual_of_Style/Contents,4,Q111474353,core,status_template,1,
enwiki:30796484,enwiki,30796484,Naming_conventions_(Latter_Day_Saints),4,Q15528901,core,status_template,1,
enwiki:31426044,enwiki,31426044,Edit_filter_manager,4,Q13422647,core,status_template,1,
enwiki:31961304,enwiki,31961304,Naming_conventions_(stations_in_Poland),4,,core,status_template,1,
enwiki:32767432,enwiki,32767432,Naming_conventions_(writing_systems),4,Q127912425,core,status_template,1,
enwiki:33498936,enwiki,33498936,Notability_(astronomical_objects),4,Q14605756,core,status_template,1,
enwiki:35484541,enwiki,35484541,Naming_conventions_(ethnicities_and_tribes),4,,core,status_template,1,
enwiki:36230333,enwiki,36230333,Reviewing_pending_changes,4,Q11107170,core,status_template,1,
enwiki:39682158,enwiki,39682158,Naming_conventions_(Australian_roads),4,,core,status_template,1,
enwiki:40816212,enwiki,40816212,Template_editor,4,Q15080994,core,status_template,1,
enwiki:42813770,enwiki,42813770,Broad-concept_article,4,Q30088708,core,status_template,1,
enwiki:43002003,enwiki,43002003,Set_index_articles,4,Q24068417,core,status_template,1,
enwiki:43423344,enwiki,43423344,Spam_blacklist,4,Q5460553,core,status_template,1,
enwiki:44253752,enwiki,44253752,Manual_of_Style/Organizing_disambiguation_pages_by_subject_area,4,Q116741348,core,status_template,1,
enwiki:44578971,enwiki,44578971,Naming_conventions_(places_in_Bangladesh),4,,core,status_template,1,
enwiki:45647903,enwiki,45647903,Five_pillars,4,Q4656249,core,overview,1,
enwiki:47517255,enwiki,47517255,Artist's_impressions_of_astronomical_objects,4,,core,status_template,1,
enwiki:47581638,enwiki,47581638,Paid-contribution_disclosure,4,Q20859299,core,status_template,1,
enwiki:48810348,enwiki,48810348,Password_strength_requirements,4,Q47471756,core,status_template,1,
enwiki:49652567,enwiki,49652567,Naming_conventions_(Canadian_stations),4,,core,status_template,1,
enwiki:50190519,enwiki,50190519,Page_mover,4,Q24207206,core,status_template,1,
enwiki:50506105,enwiki,50506105,Manual_of_Style/Pakistan-related_articles,4,,core,status_template,1,
enwiki:53590263,enwiki,53590263,Proposed_deletion,4,Q10964165,core,status_template,1,
enwiki:54892803,enwiki,54892803,Edit_filter_helper,4,Q126787055,core,status_template,1,
enwiki:56585029,enwiki,56585029,Naming_conventions_(families),4,,core,status_template,1,
enwiki:57453689,enwiki,57453689,TemplateStyles,4,Q51724369,core,status_template,1,
enwiki:57529298,enwiki,57529298,Miscellany_for_deletion/Speedy_redirect,4,,core,status_template,1,
enwiki:58029815,enwiki,58029815,Interface_administrators,4,Q55386965,core,status_template,1,
enwiki:58734345,enwiki,58734345,Naming_conventions_(Irish_stations),4,,core,status_template,1,
enwiki:60495928,enwiki,60495928,Naming_conventions_(Macedonia),4,,core,status_template,1,
enwiki:63766046,enwiki,63766046,Political_endorsements,4,,core,status_template,1,
enwiki:64070861,enwiki,64070861,Naming_conventions_(Egypt),4,,core,status_template,1,
enwiki:70397617,enwiki,70397617,Naming_conventions_(Indian_constituencies),4,Q122200925,core,status_template,1,
enwiki:77328848,enwiki,77328848,Notability_(species),4,Q131378179,core,status_template,1,
enwiki:77872646,enwiki,77872646,Administrator_recall,4,Q13382106,core,iw_qid,0,
enwiki:78599355,enwiki,78599355,Temporary_account_IP_viewer,4,Q130323657,core,status_template,1,
enwiki:81420154,enwiki,81420154,Writing_articles_with_large_language_models,4,Q137217991,core,status_template,1,
enwiki:82381318,enwiki,82381318,LLM-assisted_translation,4,Q138807951,core,status_template,1,
enwiki:82927100,enwiki,82927100,Presumptive_removal_of_AI-generated_content,4,,core,status_template,1,
dewiki:1234,dewiki,1234,Grundprinzipien,4,Q4656249,core,overview,1,
dewiki:3542,dewiki,3542,Neutraler_Standpunkt,4,Q4656487,core,overview,1,
dewiki:4319,dewiki,4319,Namenskonventionen,4,Q3186256,core,overview,1,
dewiki:5484,dewiki,5484,Formatierung,4,Q4994848,core,overview,1,
dewiki:5656,dewiki,5656,Was_Wikipedia_nicht_ist,4,Q4345841,core,overview,1,
dewiki:7637,dewiki,7637,Begriffsklärung,4,Q118521146,core,overview,1,
dewiki:7763,dewiki,7763,Administratoren,4,Q4039395,core,iw_qid,0,
dewiki:8082,dewiki,8082,Fremdwortformatierung,4,,core,overview,1,
dewiki:8085,dewiki,8085,Verlinken,4,Q14767226,core,overview,1,
dewiki:8097,dewiki,8097,Datumskonventionen,4,,core,overview,1,
dewiki:8130,dewiki,8130,Wie_schreibe_ich_gute_Artikel,4,Q10973854,core,overview,1,
dewiki:11506,dewiki,11506,Listen,4,Q13406463,core,overview,1,
dewiki:18339,dewiki,18339,Spoilerwarnung,4,Q5525169,core,iw_qid,0,
dewiki:22673,dewiki,22673,Wikiquette,4,Q3621820,core,overview,1,
dewiki:23138,dewiki,23138,Literatur,4,Q23419291,core,overview,1,
dewiki:24927,dewiki,24927,Formatvorlage_Begriffsklärung,4,Q8783229,core,iw_qid,0,
dewiki:26326,dewiki,26326,Archiv/Richtlinien_für_die_Namensgebung:Singular-Plural-Debatte,4,Q15711078,core,iw_qid,0,
dewiki:26677,dewiki,26677,Wikipedia_ist_kein_Wörterbuch,4,Q11012189,core,iw_qid,0,
dewiki:27959,dewiki,27959,Assoziative_Verweise,4,Q10977665,core,overview,1,
dewiki:28686,dewiki,28686,Meinungsbilder,4,Q4657677,core,iw_qid,0,
dewiki:31387,dewiki,31387,Zitate,4,Q8613383,core,overview,1,
dewiki:33092,dewiki,33092,Rechtschreibung,4,Q10954578,core,overview,1,
dewiki:34222,dewiki,34222,Weblinks,4,Q4657623,core,overview,1,
dewiki:34226,dewiki,34226,Schreibweise_von_Zahlen,4,Q5525311,core,overview,1,
dewiki:38770,dewiki,38770,Diskussionsseiten,4,Q5641607,core,overview,1,
dewiki:44373,dewiki,44373,Geschützte_Seiten,4,Q4616470,core,iw_qid,0,
dewiki:44853,dewiki,44853,Barrierefreiheit,4,,core,overview,1,
dewiki:46873,dewiki,46873,Ignoriere_alle_Regeln,4,Q4656211,core,overview,1,
dewiki:64352,dewiki,64352,Namenskonventionen/Koreanisch,4,Q3622720,core,iw_qid,0,
dewiki:64747,dewiki,64747,Namenskonventionen/Chinesisch,4,Q4657213,core,iw_qid,0,
dewiki:71249,dewiki,71249,Löschregeln,4,Q5009984,core,iw_qid,0,
dewiki:76323,dewiki,76323,Haftungsausschluss,4,Q4980478,core,iw_qid,0,
dewiki:85625,dewiki,85625,Vermittlungsausschuss,4,Q4654366,core,iw_qid,0,
dewiki:93382,dewiki,93382,Edit-War,4,Q4759272,core,iw_qid,0,
dewiki:100139,dewiki,100139,Namenskonventionen/Arabisch,4,Q15868552,core,iw_qid,0,
dewiki:101373,dewiki,101373,Richtlinien_Biologie,4,Q8503033,core,overview,1,
dewiki:131490,dewiki,131490,Schnelllöschantrag,4,Q4664109,core,iw_qid,0,
dewiki:148763,dewiki,148763,Vandalismus,4,Q4664011,core,iw_qid,0,
dewiki:169783,dewiki,169783,Artikel,4,Q3891539,core,overview,1,
dewiki:179274,dewiki,179274,Lückenhaft,4,Q4663261,core,iw_qid,0,
dewiki:202354,dewiki,202354,Übersetzungen,4,Q3361708,core,iw_qid,0,
dewiki:209980,dewiki,209980,Wirres_Zeug,4,Q11022068,core,iw_qid,0,
dewiki:210899,dewiki,210899,Namenskonventionen/Japanisch,4,Q14360534,core,iw_qid,0,
dewiki:214422,dewiki,214422,Keine_persönlichen_Angriffe,4,Q4654725,core,overview,1,
dewiki:217305,dewiki,217305,Verhalten_gegenüber_Neulingen,4,Q4657367,core,iw_qid,0,
dewiki:224676,dewiki,224676,Kategorien,4,Q4167836,core,overview,1,
dewiki:257208,dewiki,257208,Bots,4,Q4048867,core,iw_qid,0,
dewiki:258824,dewiki,258824,Interessenkonflikt,4,Q4663309,core,iw_qid,0,
dewiki:260947,dewiki,260947,Namenskonventionen/Hebräisch,4,Q4657130,core,iw_qid,0,
dewiki:278002,dewiki,278002,Umfragen,4,Q14339449,core,iw_qid,0,
dewiki:300129,dewiki,300129,Löschantrag_entfernen,4,Q9136557,core,iw_qid,0,
dewiki:307778,dewiki,307778,Artikel_über_Schulen,4,Q19828005,core,overview,1,
dewiki:354115,dewiki,354115,Richtlinien_Wirtschaft,4,,core,overview,1,
dewiki:442115,dewiki,442115,Typografie,4,Q11243563,core,overview,1,
dewiki:517185,dewiki,517185,Bildrechte,4,Q6618850,core,iw_qid,0,
dewiki:589187,dewiki,589187,"Störe_Wikipedia_nicht,_um_etwas_zu_beweisen",4,Q4657775,core,iw_qid,0,
dewiki:606686,dewiki,606686,Richtlinien_Chemie,4,Q15868551,core,overview,1,
dewiki:626557,dewiki,626557,Bürokraten,4,Q4048515,core,iw_qid,0,
dewiki:634301,dewiki,634301,Allgemeinverständlichkeit,4,Q11774021,core,iw_qid,0,
dewiki:637799,dewiki,637799,Shortcuts,4,Q620197,core,iw_qid,0,
dewiki:645942,dewiki,645942,Datenschutz,4,Q4994089,core,iw_qid,0,
dewiki:653068,dewiki,653068,Stimmberechtigung,4,Q4656551,core,wikidata,1,
dewiki:686792,dewiki,686792,Namenskonventionen/Indien,4,Q15868582,core,iw_qid,0,
dewiki:749816,dewiki,749816,Formatvorlage_Charts,4,Q15868761,core,iw_qid,0,
dewiki:788000,dewiki,788000,Richtlinien_Studentenverbindungen,4,,core,overview,1,
dewiki:830639,dewiki,830639,Geh_von_guten_Absichten_aus,4,Q4663356,core,iw_qid,0,
dewiki:831948,dewiki,831948,Artikel_illustrieren,4,Q16745099,core,overview,1,
dewiki:855208,dewiki,855208,Belege,4,Q79951,core,overview,1,
dewiki:855432,dewiki,855432,Urheberrechte_beachten,4,Q4375196,core,overview,1,
dewiki:878006,dewiki,878006,Checkuser,4,Q4049038,core,iw_qid,0,
dewiki:902244,dewiki,902244,Wie_gute_Artikel_aussehen,4,Q10635892,core,overview,1,
dewiki:907682,dewiki,907682,Handle_entschieden,4,Q12198503,core,iw_qid,0,
dewiki:907732,dewiki,907732,Recht_zu_gehen,4,Q11015648,core,iw_qid,0,
dewiki:913158,dewiki,913158,Portale,4,Q4663903,core,iw_qid,0,
dewiki:1034176,dewiki,1034176,Richtlinien_Fiktives,4,Q11293678,core,overview,1,
dewiki:1097461,dewiki,1097461,Textplagiat,4,Q8085769,core,iw_qid,0,
dewiki:1120805,dewiki,1120805,Pressemitteilungen/FAQ_Semi-protection_policy,4,Q8988847,core,iw_qid,0,
dewiki:1124761,dewiki,1124761,Namenskonventionen/Neugriechisch,4,Q14698320,core,iw_qid,0,
dewiki:1200725,dewiki,1200725,Weiterleitung,4,Q4832177,core,iw_qid,0,
dewiki:1213896,dewiki,1213896,Schwesterprojekte,4,Q10823887,core,iw_qid,0,
dewiki:1218423,dewiki,1218423,Anonymität,4,Q15868029,core,overview,1,
dewiki:1250226,dewiki,1250226,Hinweis_Gesundheitsthemen,4,Q10640396,core,iw_qid,0,
dewiki:1317234,dewiki,1317234,Namenskonventionen/Tibetisch,4,Q4657259,core,iw_qid,0,
dewiki:1488248,dewiki,1488248,Keine_Theoriefindung,4,Q4656524,core,overview,1,
dewiki:1498104,dewiki,1498104,Sockenpuppe,4,Q4131621,core,iw_qid,0,
dewiki:1528848,dewiki,1528848,Artikel_über_lebende_Personen,4,Q4663389,core,overview,1,
dewiki:1553871,dewiki,1553871,Formatvorlage_Biografie,4,Q4657349,core,iw_qid,0,
dewiki:1586763,dewiki,1586763,Systematik,4,,core,overview,1,
dewiki:1586765,dewiki,1586765,Themenbereiche,4,Q60647476,core,overview,1,
dewiki:1621544,dewiki,1621544,Support-Team,4,Q4063423,core,iw_qid,0,
dewiki:1742427,dewiki,1742427,Gesichtete_Versionen,4,Q11107170,core,iw_qid,0,
dewiki:1840870,dewiki,1840870,Willkommen,4,Q8990577,core,iw_qid,0,
dewiki:1842815,dewiki,1842815,Richtlinien,4,Q4656150,core,iw_qid,0,
dewiki:1917198,dewiki,1917198,Konflikte,4,Q4654667,core,iw_qid,0,
dewiki:2212100,dewiki,2212100,Namenskonventionen/Kategorien,4,Q11127329,core,iw_qid,0,
dewiki:2412669,dewiki,2412669,Namenskonventionen/Schienenfahrzeuge,4,Q18180788,core,iw_qid,0,
dewiki:2506359,dewiki,2506359,Office_Action,4,Q11098188,core,iw_qid,0,
dewiki:2512043,dewiki,2512043,Mentorenprogramm,4,Q3919128,core,iw_qid,0,
dewiki:2654225,dewiki,2654225,Administratoren/De-Admin,4,Q13382106,core,iw_qid,0,
dewiki:2744605,dewiki,2744605,Relevanzkriterien,4,Q4657574,core,overview,1,
dewiki:2801977,dewiki,2801977,Hinweise_zum_Umgang_mit_Trauerfällen,4,Q14972682,core,iw_qid,0,
dewiki:2931927,dewiki,2931927,Versionslöschung,4,Q4656800,core,iw_qid,0,
dewiki:2934080,dewiki,2934080,Enzyklopädische_Fotografie,4,,core,overview,1,
dewiki:2944364,dewiki,2944364,Richtlinien_Software,4,,core,overview,1,
dewiki:3195466,dewiki,3195466,Richtlinien_Literarische_Werke,4,Q13599930,core,overview,1,
dewiki:3202362,dewiki,3202362,Richtlinien_Geschichte,4,,core,overview,1,
dewiki:3412868,dewiki,3412868,Richtlinien_Websites,4,Q4663933,core,overview,1,
dewiki:3416034,dewiki,3416034,Richtlinien_Computerspiele,4,Q14360535,core,overview,1,
dewiki:3420422,dewiki,3420422,Vermeide_hohle_Phrasen,4,Q4663975,core,iw_qid,0,
dewiki:3451124,dewiki,3451124,Eigentum_an_Artikeln,4,Q4663994,core,iw_qid,0,
dewiki:3477233,dewiki,3477233,Keine_offenen_Proxys,4,Q4656540,core,iw_qid,0,
dewiki:3494697,dewiki,3494697,Oversight,4,Q4048674,core,iw_qid,0,
dewiki:3511292,dewiki,3511292,Richtlinien_Südosteuropa,4,,core,overview,1,
dewiki:3601229,dewiki,3601229,Redaktion_Medizin/Leitlinien,4,Q15868266,core,overview,1,
dewiki:3651599,dewiki,3651599,Vermeide_Selbstreferenzen,4,Q11888427,core,iw_qid,0,
dewiki:3678409,dewiki,3678409,WikiProjekt_Portale/A-Z,4,Q14605771,core,iw_qid,0,
dewiki:3699430,dewiki,3699430,Sei_mutig,4,Q3916099,core,iw_qid,0,
dewiki:3825314,dewiki,3825314,Richtlinien_E-Sport,4,,core,overview,1,
dewiki:4099863,dewiki,4099863,Kandidaturen,4,Q4048254,core,iw_qid,0,
dewiki:4261185,dewiki,4261185,Bearbeitungsfilter,4,Q4582485,core,iw_qid,0,
dewiki:4319622,dewiki,4319622,Löschkandidaten,4,Q22897,core,iw_qid,0,
dewiki:4324303,dewiki,4324303,Benutzersperrung,4,Q175291,core,iw_qid,0,
dewiki:4325740,dewiki,4325740,Administratoren/Probleme,4,Q10818031,core,iw_qid,0,
dewiki:4333653,dewiki,4333653,Verbesserungsvorschläge,4,Q5854231,core,iw_qid,0,
dewiki:4407589,dewiki,4407589,Redaktion_Film_und_Fernsehen/Richtlinien,4,,core,overview,1,
dewiki:4413167,dewiki,4413167,IP-Sperre-Ausnahme,4,Q4048709,core,iw_qid,0,
dewiki:4481722,dewiki,4481722,Richtlinien_bildende_Kunst,4,Q14011832,core,overview,1,
dewiki:4494717,dewiki,4494717,Oversight/Kontakt,4,Q9136332,core,iw_qid,0,
dewiki:4642884,dewiki,4642884,Bewahre_immer_einen_kühlen_Kopf,4,Q11152513,core,iw_qid,0,
dewiki:4682401,dewiki,4682401,Richtlinien_Comics,4,Q20812701,core,overview,1,
dewiki:4721435,dewiki,4721435,Redaktion_Musik/Leitfaden_Musikartikel,4,Q13310316,core,overview,1,
dewiki:4731597,dewiki,4731597,GNU_Free_Documentation_License/1.3,4,Q5829664,core,iw_qid,0,
dewiki:4831372,dewiki,4831372,Verhalten_im_Notfall,4,Q13627492,core,iw_qid,0,
dewiki:5461553,dewiki,5461553,Richtlinien_Physik,4,,core,overview,1,
dewiki:5822313,dewiki,5822313,Redaktion_Recht/Richtlinien,4,,core,overview,1,
dewiki:6383167,dewiki,6383167,Meinungsbilder/Regelungen,4,Q20801587,core,iw_qid,0,
dewiki:6506037,dewiki,6506037,Sperrprüfung,4,Q13360396,core,iw_qid,0,
dewiki:6543982,dewiki,6543982,Formatvorlage/Musterartikel,4,Q4663958,core,iw_qid,0,
dewiki:6974524,dewiki,6974524,Administratoren/Anfragen,4,Q3907246,core,iw_qid,0,
dewiki:6977098,dewiki,6977098,Fragen_zur_Wikipedia,4,Q4026300,core,iw_qid,0,
dewiki:7354372,dewiki,7354372,Zitierregeln,4,Q642335,core,overview,1,
dewiki:7646580,dewiki,7646580,Bezahltes_Schreiben,4,Q20859299,core,iw_qid,0,
dewiki:7965254,dewiki,7965254,Schiedsgericht/Regeln,4,Q4616152,core,iw_qid,0,
dewiki:9082349,dewiki,9082349,Auskunft,4,Q3907025,core,iw_qid,0,
dewiki:10422309,dewiki,10422309,Benutzeroberflächenadministratoren,4,Q55386965,core,iw_qid,0,
dewiki:11901604,dewiki,11901604,Keine_Drohungen_mit_rechtlichen_Schritten,4,Q4654415,core,iw_qid,0,
dewiki:12614698,dewiki,12614698,Namenskonventionen/Schiffe,4,Q16028026,core,iw_qid,0,
dewiki:13521317,dewiki,13521317,IP-Betrachtung_temporärer_Konten,4,Q130323657,core,overview,1,
dewiki:13777131,dewiki,13777131,Künstliche_Intelligenz,4,Q119702818,core,overview,1,
nlwiki:703,nlwiki,703,Benoemen_van_een_pagina,4,Q3186256,core,overview,1,
nlwiki:1237,nlwiki,1237,Neutraal_standpunt,4,Q4656487,core,overview,1,
nlwiki:1679,nlwiki,1679,Toch_een_paar_regels,4,Q18093582,core,overview,1,
nlwiki:1872,nlwiki,1872,Wat_Wikipedia_niet_is,4,Q4345841,core,overview,1,
nlwiki:1878,nlwiki,1878,Wat_je_niet_moet_doen,4,,core,overview,1,
nlwiki:1882,nlwiki,1882,Wanneer_extern_linken,4,Q4657623,core,overview,1,
nlwiki:3541,nlwiki,3541,Doorverwijspagina,4,Q118521146,core,iw_qid,0,
nlwiki:3585,nlwiki,3585,Moderator,4,Q4039395,core,iw_qid,0,
nlwiki:8838,nlwiki,8838,Aanmelding_moderatoren,4,Q4048254,core,iw_qid,0,
nlwiki:8976,nlwiki,8976,Auteursrechten,4,Q4375196,core,overview,1,
nlwiki:9222,nlwiki,9222,Welkom_voor_nieuwkomers,4,Q8990577,core,iw_qid,0,
nlwiki:18319,nlwiki,18319,Beleid_voor_gebruik_van_media,4,Q6618850,core,overview,1,
nlwiki:22869,nlwiki,22869,GNU_Vrije_Documentatie_Licentie_in_het_Nederlands,4,Q5829664,core,iw_qid,0,
nlwiki:30167,nlwiki,30167,Leeswaarschuwing,4,Q5525169,core,iw_qid,0,
nlwiki:32642,nlwiki,32642,Richtlijnen_voor_moderatoren,4,Q4664109,core,overview,1,
nlwiki:33856,nlwiki,33856,Koel_blijven,4,Q11152513,core,overview,1,
nlwiki:34833,nlwiki,34833,Onenigheid_over_de_neutraliteit,4,Q6635285,core,overview,1,
nlwiki:35735,nlwiki,35735,Algemeen_voorbehoud,4,Q4980478,core,overview,1,
nlwiki:59805,nlwiki,59805,Bureaucraat,4,Q4048515,core,iw_qid,0,
nlwiki:61950,nlwiki,61950,Nederlandstalige_titels,4,,core,overview,1,
nlwiki:63651,nlwiki,63651,Categorieënschema,4,Q4167836,core,iw_qid,0,
nlwiki:67134,nlwiki,67134,Archief/Acceptatiebeleid,4,,core,overview,1,
nlwiki:75512,nlwiki,75512,Stemprocedure,4,Q20801587,core,overview,1,
nlwiki:77594,nlwiki,77594,Wikiquette,4,Q3621820,core,overview,1,
nlwiki:78479,nlwiki,78479,Spellinggids,4,Q34767466,core,overview,1,
nlwiki:80906,nlwiki,80906,Transliteratie-_en_transcriptiegids,4,,core,overview,1,
nlwiki:93284,nlwiki,93284,Vandalisme,4,Q4664011,core,overview,1,
nlwiki:94760,nlwiki,94760,Verzoekpagina_voor_moderatoren,4,Q3907246,core,iw_qid,0,
nlwiki:95329,nlwiki,95329,Geen_persoonlijke_aanvallen,4,Q4654725,core,overview,1,
nlwiki:98923,nlwiki,98923,Conflictafhandeling,4,Q4654667,core,overview,1,
nlwiki:100017,nlwiki,100017,Kwaliteitsverbetering,4,,core,overview,1,
nlwiki:103203,nlwiki,103203,Consensus,4,Q4654351,core,overview,1,
nlwiki:108445,nlwiki,108445,Regelingen_rond_moderatoren,4,Q19025555,core,overview,1,
nlwiki:124646,nlwiki,124646,Belgisch-Nederlands,4,,core,overview,1,
nlwiki:132858,nlwiki,132858,Nederlands-Nederlands,4,Q11237080,core,overview,1,
nlwiki:167797,nlwiki,167797,Bots,4,Q4048867,core,iw_qid,0,
nlwiki:205432,nlwiki,205432,Te_beoordelen,4,Q10964165,core,iw_qid,0,
nlwiki:214037,nlwiki,214037,Vragen_aan_de_Taalunie,4,,core,overview,1,
nlwiki:215742,nlwiki,215742,Transliteratie-_en_transcriptiegids/Latijn_en_Grieks,4,Q14698320,core,iw_qid,0,
nlwiki:216561,nlwiki,216561,Sokpop,4,Q4131621,core,overview,1,
nlwiki:235893,nlwiki,235893,Stemlokaal,4,Q4657677,core,iw_qid,0,
nlwiki:245459,nlwiki,245459,Citeren,4,Q8613383,core,iw_qid,0,
nlwiki:268183,nlwiki,268183,Verwijzing,4,Q620197,core,iw_qid,0,
nlwiki:270492,nlwiki,270492,Voorbehoud_bij_medische_informatie,4,Q10640396,core,overview,1,
nlwiki:284191,nlwiki,284191,Gebruikersboxen,4,Q4657797,core,iw_qid,0,
nlwiki:301716,nlwiki,301716,Voel_je_vrij_en_ga_je_gang,4,Q3916099,core,overview,1,
nlwiki:308229,nlwiki,308229,Privacybeleid,4,Q4994089,core,overview,1,
nlwiki:313569,nlwiki,313569,Wees_meedogenloos,4,Q12198503,core,overview,1,
nlwiki:314706,nlwiki,314706,Beginnetje,4,Q4663261,core,iw_qid,0,
nlwiki:316901,nlwiki,316901,Buitenlandse_geografische_namen,4,Q118099839,core,overview,1,
nlwiki:325124,nlwiki,325124,Niet_dreigen_met_juridische_actie,4,Q4654415,core,overview,1,
nlwiki:326070,nlwiki,326070,Lemma,4,Q3891539,core,iw_qid,0,
nlwiki:336338,nlwiki,336338,Te_beoordelen_pagina's,4,Q22897,core,iw_qid,0,
nlwiki:343515,nlwiki,343515,Bronvermelding,4,Q642335,core,overview,1,
nlwiki:343960,nlwiki,343960,Bronvermelding_in_Harvardstijl,4,Q15868651,core,overview,1,
nlwiki:350332,nlwiki,350332,Etalage/Wat_is_een_etalageartikel,4,Q5525127,core,iw_qid,0,
nlwiki:416043,nlwiki,416043,Betrouwbaarheid_van_bronnen,4,Q4663914,core,overview,1,
nlwiki:477152,nlwiki,477152,Lijst,4,Q13406463,core,iw_qid,0,
nlwiki:500871,nlwiki,500871,Alfabetiseren,4,,core,overview,1,
nlwiki:517194,nlwiki,517194,Afzetting_moderatoren,4,Q13382106,core,iw_qid,0,
nlwiki:517727,nlwiki,517727,Ga_uit_van_goede_wil,4,Q4663356,core,overview,1,
nlwiki:525021,nlwiki,525021,Ondertekening,4,Q4663253,core,overview,1,
nlwiki:527635,nlwiki,527635,Hoffelijkheid,4,Q4654593,core,overview,1,
nlwiki:534606,nlwiki,534606,Gebruikerspagina,4,Q4592334,core,iw_qid,0,
nlwiki:552810,nlwiki,552810,Bewerkingsoorlog,4,Q4759272,core,overview,1,
nlwiki:575518,nlwiki,575518,Relevantie/Personen,4,Q4663321,core,iw_qid,0,
nlwiki:579708,nlwiki,579708,Relevantie/Ondernemingen,4,Q7906941,core,iw_qid,0,
nlwiki:587019,nlwiki,587019,Checkuser,4,Q4049038,core,iw_qid,0,
nlwiki:635006,nlwiki,635006,Vijf_zuilen,4,Q4656249,core,overview,1,
nlwiki:636117,nlwiki,636117,Portalen,4,Q4663903,core,iw_qid,0,
nlwiki:655420,nlwiki,655420,Wikiproject/Projectgroep/Artikel_beoordeling_FAQ,4,Q10980800,core,iw_qid,0,
nlwiki:655481,nlwiki,655481,Wikiproject/Projectgroep/Gids,4,Q10783941,core,iw_qid,0,
nlwiki:657986,nlwiki,657986,Verifieerbaarheid,4,Q79951,core,overview,1,
nlwiki:667562,nlwiki,667562,Wheelwar,4,Q4048307,core,overview,1,
nlwiki:683189,nlwiki,683189,Open_proxy's_(uitleg),4,Q4656540,core,iw_qid,0,
nlwiki:688847,nlwiki,688847,Arbitragecommissie/Reglementen,4,Q4616152,core,overview,1,
nlwiki:744808,nlwiki,744808,Doorverwijsconstructies,4,Q8783229,core,iw_qid,0,
nlwiki:750505,nlwiki,750505,Geen_origineel_onderzoek,4,Q4656524,core,overview,1,
nlwiki:765586,nlwiki,765586,Vrijheid_van_panorama,4,Q17024296,core,iw_qid,0,
nlwiki:775973,nlwiki,775973,Gebruikersnaam,4,Q4664077,core,overview,1,
nlwiki:801777,nlwiki,801777,Geannoteerd_artikel,4,Q15868027,core,overview,1,
nlwiki:805350,nlwiki,805350,Overlegpagina,4,Q5641607,core,iw_qid,0,
nlwiki:809134,nlwiki,809134,Oversight,4,Q4048674,core,iw_qid,0,
nlwiki:821171,nlwiki,821171,Voorbeeldartikel,4,,core,overview,1,
nlwiki:866837,nlwiki,866837,Fancruft,4,Q15116145,core,overview,1,
nlwiki:929190,nlwiki,929190,Verwelkom_bewerkingen_van_anoniemen,4,Q15884412,core,overview,1,
nlwiki:933348,nlwiki,933348,Negeer_alle_regels,4,Q4656211,core,overview,1,
nlwiki:943735,nlwiki,943735,Democratische_procedures,4,,core,overview,1,
nlwiki:969558,nlwiki,969558,Biografieën_van_levende_personen,4,Q4663389,core,iw_qid,0,
nlwiki:1001509,nlwiki,1001509,"Wat_""negeer_alle_regels""_betekent",4,Q7668244,core,overview,1,
nlwiki:1001621,nlwiki,1001621,Gebruik_gezond_verstand,4,Q10987695,core,overview,1,
nlwiki:1102047,nlwiki,1102047,Bijt_de_nieuwelingen_niet,4,Q4657367,core,overview,1,
nlwiki:1114602,nlwiki,1114602,Omgaan_met_trollen,4,Q5009903,core,overview,1,
nlwiki:1133420,nlwiki,1133420,Linkomanie,4,Q14767226,core,iw_qid,0,
nlwiki:1155528,nlwiki,1155528,Vermijd_superlatieven,4,Q11774040,core,overview,1,
nlwiki:1172529,nlwiki,1172529,Simpele_regels,4,Q10950140,core,overview,1,
nlwiki:1175797,nlwiki,1175797,Deel_geen_sjablonen_uit_alsof_het_koekjes_zijn,4,Q13812821,core,overview,1,
nlwiki:1255773,nlwiki,1255773,Redirect,4,Q4832177,core,iw_qid,0,
nlwiki:1257774,nlwiki,1257774,Zelfpromotie,4,Q4663309,core,iw_qid,0,
nlwiki:1272425,nlwiki,1272425,Verstoor_Wikipedia_niet_om_je_standpunt_kracht_bij_te_zetten,4,Q4657775,core,iw_qid,0,
nlwiki:1301030,nlwiki,1301030,Nagelopen_versies,4,Q11107170,core,iw_qid,0,
nlwiki:1382430,nlwiki,1382430,Relevantie_van_muziekgerelateerde_artikelen,4,Q4663944,core,iw_qid,0,
nlwiki:1403483,nlwiki,1403483,Verzoeken_om_commentaar,4,Q4654740,core,iw_qid,0,
nlwiki:1576350,nlwiki,1576350,Sneeuwbalclausule,4,Q13219453,core,overview,1,
nlwiki:1628761,nlwiki,1628761,Misbruikfilter/Richtlijn,4,,core,overview,1,
nlwiki:1628845,nlwiki,1628845,Misbruikfilter,4,Q4582485,core,iw_qid,0,
nlwiki:1661545,nlwiki,1661545,Contactpunt,4,Q4063423,core,iw_qid,0,
nlwiki:1667976,nlwiki,1667976,Projectverstorend_gedrag,4,Q13409276,core,overview,1,
nlwiki:1668258,nlwiki,1668258,Uitgezonderden_van_IP-adresblokkades,4,Q4048709,core,iw_qid,0,
nlwiki:1698141,nlwiki,1698141,Bureaucraat/Regeling_bureaucraatstatus,4,,core,overview,1,
nlwiki:1700761,nlwiki,1700761,Hernominaties,4,,core,overview,1,
nlwiki:1790458,nlwiki,1790458,Het_recht_Wikipedia_te_verlaten,4,Q11015648,core,overview,1,
nlwiki:1828482,nlwiki,1828482,Conventies,4,Q4994848,core,overview,1,
nlwiki:1834873,nlwiki,1834873,Wees_duidelijk_en_concreet,4,Q4663975,core,overview,1,
nlwiki:1848438,nlwiki,1848438,Balans,4,,core,overview,1,
nlwiki:2064638,nlwiki,2064638,Coachingsprogramma,4,Q3919128,core,iw_qid,0,
nlwiki:2065561,nlwiki,2065561,Transliteratie-_en_transcriptiegids/Arabisch,4,Q15868552,core,iw_qid,0,
nlwiki:2961220,nlwiki,2961220,Artikelbazen,4,,core,overview,1,
nlwiki:3028699,nlwiki,3028699,Relevantie,4,Q4657574,core,overview,1,
nlwiki:3981578,nlwiki,3981578,Encyclopediciteit,4,,core,overview,1,
nlwiki:4002530,nlwiki,4002530,Het_systeem_bespelen,4,Q8917381,core,iw_qid,0,
nlwiki:4598705,nlwiki,4598705,Tijdsaanduiding,4,Q90797683,core,iw_qid,0,
nlwiki:4934869,nlwiki,4934869,Blokkeerbeleid,4,Q175291,core,iw_qid,0,
nlwiki:5088889,nlwiki,5088889,Interfacemoderator,4,Q55386965,core,iw_qid,0,
nlwiki:5226704,nlwiki,5226704,Ideeënbus,4,Q5854231,core,iw_qid,0,
nlwiki:5623485,nlwiki,5623485,Terugdraaier,4,Q5148465,core,iw_qid,0,
nlwiki:5758805,nlwiki,5758805,Drierevertsregel,4,Q4656567,core,iw_qid,0,
nlwiki:5793129,nlwiki,5793129,Tijdelijk_account_voor_gebruikers_zonder_login,4,Q130641723,core,wikidata,1,
nlwiki:5923342,nlwiki,5923342,AI_en_Wikipedia,4,Q119702818,core,overview,1,
frwiki:3209,frwiki,3209,Règles_et_recommandations,4,Q4656150,core,overview,1,
frwiki:3210,frwiki,3210,Conventions_sur_les_titres,4,Q3186256,core,overview,1,
frwiki:3216,frwiki,3216,Prise_de_décision,4,Q4657677,core,iw_qid,0,
frwiki:3231,frwiki,3231,Conventions_typographiques,4,Q11243563,core,overview,1,
frwiki:3243,frwiki,3243,Neutralité_de_point_de_vue,4,Q4656487,core,overview,1,
frwiki:3251,frwiki,3251,Limitez_l'usage_de_la_couleur_dans_les_articles,4,,core,overview,1,
frwiki:3257,frwiki,3257,Conventions_de_style,4,Q4994848,core,overview,1,
frwiki:3283,frwiki,3283,Ce_que_Wikipédia_n'est_pas,4,Q4345841,core,iw_qid,0,
frwiki:3305,frwiki,3305,Wikipédia_n'est_pas_un_dictionnaire,4,Q11012189,core,iw_qid,0,
frwiki:4521,frwiki,4521,Administrateur,4,Q4039395,core,overview,1,
frwiki:4596,frwiki,4596,Droit_d'auteur,4,Q4375196,core,overview,1,
frwiki:4847,frwiki,4847,Bot,4,Q4048867,core,overview,1,
frwiki:6553,frwiki,6553,Licence_de_documentation_libre_GNU,4,Q5829664,core,iw_qid,0,
frwiki:6815,frwiki,6815,Homonymie,4,Q118521146,core,iw_qid,0,
frwiki:7513,frwiki,7513,Vandalisme,4,Q4664011,core,overview,1,
frwiki:7681,frwiki,7681,Esprit_de_non-violence,4,Q4654593,core,overview,1,
frwiki:8718,frwiki,8718,Néologisme,4,Q16861511,core,overview,1,
frwiki:15354,frwiki,15354,Critères_d'admissibilité_des_articles,4,Q122375158,core,overview,1,
frwiki:16607,frwiki,16607,Controverse_de_neutralité,4,Q6635285,core,iw_qid,0,
frwiki:16730,frwiki,16730,Liens_externes,4,Q4657623,core,overview,1,
frwiki:19431,frwiki,19431,Règles_de_savoir-vivre,4,Q3621820,core,overview,1,
frwiki:19848,frwiki,19848,Mention_de_Wikipédia_dans_les_articles,4,Q11888427,core,iw_qid,0,
frwiki:21316,frwiki,21316,Protection,4,Q8615745,core,overview,1,
frwiki:28194,frwiki,28194,Contenu_évasif,4,Q113549854,core,overview,1,
frwiki:30118,frwiki,30118,Exceptions_au_droit_d'auteur,4,Q4391089,core,overview,1,
frwiki:30238,frwiki,30238,N'hésitez_pas_!,4,Q3916099,core,overview,1,
frwiki:31603,frwiki,31603,Guerre_d'édition,4,Q4759272,core,iw_qid,0,
frwiki:31898,frwiki,31898,Blocage_en_écriture,4,Q175291,core,overview,1,
frwiki:33795,frwiki,33795,Résolution_de_conflit,4,Q4654667,core,iw_qid,0,
frwiki:40584,frwiki,40584,Conventions_d'utilisation_des_images,4,Q6618850,core,overview,1,
frwiki:44680,frwiki,44680,Conventions_bibliographiques,4,Q8615711,core,overview,1,
frwiki:44705,frwiki,44705,Conventions_filmographiques,4,Q12486883,core,overview,1,
frwiki:45576,frwiki,45576,Citez_vos_sources,4,Q642335,core,overview,1,
frwiki:52219,frwiki,52219,Conventions_de_plan,4,Q4663958,core,overview,1,
frwiki:53284,frwiki,53284,Ne_mordez_pas_les_nouveaux,4,Q4657367,core,overview,1,
frwiki:64708,frwiki,64708,Sondage,4,Q14339449,core,iw_qid,0,
frwiki:68219,frwiki,68219,Principes_fondateurs,4,Q4656249,core,overview,1,
frwiki:80473,frwiki,80473,Liste_des_portails,4,Q14605771,core,iw_qid,0,
frwiki:94174,frwiki,94174,Avertissements_généraux,4,Q4980478,core,iw_qid,0,
frwiki:97183,frwiki,97183,Faux-nez,4,Q4131621,core,overview,1,
frwiki:112392,frwiki,112392,Nom_d'utilisateur,4,Q4664077,core,iw_qid,0,
frwiki:126275,frwiki,126275,Liens_internes,4,Q5622835,core,overview,1,
frwiki:150164,frwiki,150164,Mise_en_garde_médicale,4,Q10640396,core,iw_qid,0,
frwiki:190286,frwiki,190286,Bureaucrate,4,Q4048515,core,overview,1,
frwiki:190456,frwiki,190456,Comité_d'arbitrage/Règlement,4,Q4616152,core,iw_qid,0,
frwiki:193235,frwiki,193235,Débat_d'admissibilité/Aide,4,Q5009984,core,iw_qid,0,
frwiki:210690,frwiki,210690,Pas_d'attaque_personnelle,4,Q4654725,core,overview,1,
frwiki:219254,frwiki,219254,Pas_de_menace_de_poursuites_judiciaires,4,Q4654415,core,iw_qid,0,
frwiki:244969,frwiki,244969,Ne_pas_désorganiser_Wikipédia_pour_une_argumentation_personnelle,4,Q4657775,core,overview,1,
frwiki:245421,frwiki,245421,Accessibilité,4,Q5525713,core,overview,1,
frwiki:247802,frwiki,247802,Internationalisation,4,Q32948358,core,overview,1,
frwiki:249358,frwiki,249358,Travail_inédit,4,Q4656524,core,overview,1,
frwiki:295204,frwiki,295204,Oracle,4,Q3907025,core,iw_qid,0,
frwiki:299439,frwiki,299439,Conventions_concernant_les_nombres,4,Q5525311,core,overview,1,
frwiki:328583,frwiki,328583,Citation,4,Q8613383,core,overview,1,
frwiki:382409,frwiki,382409,Candidature_au_statut_d'administrateur,4,Q4048254,core,iw_qid,0,
frwiki:423144,frwiki,423144,Transcription_du_japonais,4,Q14360534,core,overview,1,
frwiki:446946,frwiki,446946,Vérificateur_d'utilisateurs,4,Q4049038,core,overview,1,
frwiki:449367,frwiki,449367,L'article_parfait,4,Q10635892,core,iw_qid,0,
frwiki:456669,frwiki,456669,Boîte_utilisateur,4,Q4657797,core,iw_qid,0,
frwiki:474373,frwiki,474373,"Notoriété_des_entreprises,_sociétés_et_produits",4,Q7906941,core,overview,1,
frwiki:545530,frwiki,545530,Termes_à_utiliser_avec_précaution,4,Q4663975,core,iw_qid,0,
frwiki:563208,frwiki,563208,Vérifiabilité,4,Q79951,core,overview,1,
frwiki:563630,frwiki,563630,Wikipédia_est_une_encyclopédie,4,Q3597416,core,overview,1,
frwiki:576402,frwiki,576402,Transcription_du_chinois,4,Q4657213,core,overview,1,
frwiki:582012,frwiki,582012,Théorie_controversée,4,Q9276887,core,iw_qid,0,
frwiki:599940,frwiki,599940,Notoriété_de_la_musique,4,Q4663944,core,overview,1,
frwiki:600152,frwiki,600152,Notoriété_des_œuvres_de_fiction,4,Q7693809,core,overview,1,
frwiki:633009,frwiki,633009,Notoriété_des_nombres,4,Q6447825,core,iw_qid,0,
frwiki:676865,frwiki,676865,Signez_vos_messages,4,Q4663253,core,iw_qid,0,
frwiki:744162,frwiki,744162,Appel_à_commentaires,4,Q4654740,core,iw_qid,0,
frwiki:772964,frwiki,772964,Équipe_bénévole_de_réponse_aux_courriels,4,Q4063423,core,iw_qid,0,
frwiki:794104,frwiki,794104,Sources_de_presse,4,Q11396750,core,overview,1,
frwiki:817077,frwiki,817077,Règle_des_trois_révocations,4,Q4656567,core,overview,1,
frwiki:843501,frwiki,843501,Interprétation_créative_des_règles,4,Q4656211,core,overview,1,
frwiki:966961,frwiki,966961,Notoriété_des_sites_web,4,Q4663933,core,overview,1,
frwiki:1031576,frwiki,1031576,Dates,4,,core,overview,1,
frwiki:1076339,frwiki,1076339,Supposez_la_bonne_foi,4,Q4663356,core,overview,1,
frwiki:1088289,frwiki,1088289,Discuter_au_lieu_de_voter,4,Q10968383,core,overview,1,
frwiki:1127890,frwiki,1127890,Conventions_sur_les_catégories,4,Q4167836,core,overview,1,
frwiki:1139490,frwiki,1139490,Notoriété_des_fanzines,4,,core,overview,1,
frwiki:1150441,frwiki,1150441,Commentez_vos_modifications,4,,core,overview,1,
frwiki:1174428,frwiki,1174428,Notoriété_dans_le_domaine_de_la_pornographie,4,Q20971276,core,overview,1,
frwiki:1200751,frwiki,1200751,Notoriété_des_jeux_de_société,4,,core,overview,1,
frwiki:1208063,frwiki,1208063,Aucune_chance,4,Q13219453,core,overview,1,
frwiki:1212305,frwiki,1212305,Conventions_sur_les_œuvres_de_fiction,4,Q11293678,core,iw_qid,0,
frwiki:1229252,frwiki,1229252,Articles_consacrés_à_la_pornographie,4,,core,overview,1,
frwiki:1260467,frwiki,1260467,Autobiographie,4,Q4657322,core,overview,1,
frwiki:1281252,frwiki,1281252,Éviter_les_superlatifs,4,Q11774040,core,iw_qid,0,
frwiki:1298993,frwiki,1298993,Résumé_introductif,4,Q10966628,core,overview,1,
frwiki:1380491,frwiki,1380491,Discussion,4,Q5641607,core,iw_qid,0,
frwiki:1383130,frwiki,1383130,Dévoile_l'intrigue_du_récit,4,Q5525169,core,overview,1,
frwiki:1479580,frwiki,1479580,Contenus_de_qualité/Règles,4,Q5525127,core,iw_qid,0,
frwiki:1525631,frwiki,1525631,Notoriété_des_personnalités_politiques,4,Q50377668,core,overview,1,
frwiki:1535408,frwiki,1535408,Liste,4,Q13406463,core,iw_qid,0,
frwiki:1563381,frwiki,1563381,Notoriété_des_sportifs,4,Q11889803,core,overview,1,
frwiki:1637868,frwiki,1637868,Style_encyclopédique,4,Q4657608,core,overview,1,
frwiki:1879317,frwiki,1879317,Modèles_à_haut_risque,4,Q11774053,core,iw_qid,0,
frwiki:1971374,frwiki,1971374,Conventions_concernant_les_titres_d'entreprises,4,Q13055351,core,iw_qid,0,
frwiki:2128668,frwiki,2128668,Consensus,4,Q4654351,core,overview,1,
frwiki:2463476,frwiki,2463476,Masqueur_de_modifications,4,Q4048674,core,iw_qid,0,
frwiki:2497751,frwiki,2497751,Biographie_de_personne_vivante,4,Q4663389,core,overview,1,
frwiki:2675945,frwiki,2675945,Notoriété_dans_le_football,4,Q13311330,core,overview,1,
frwiki:2754203,frwiki,2754203,Contenu_choquant,4,Q10955086,core,overview,1,
frwiki:2818753,frwiki,2818753,Liens_vers_les_portails,4,,core,overview,1,
frwiki:3011312,frwiki,3011312,Projets_frères,4,Q10823887,core,iw_qid,0,
frwiki:3059580,frwiki,3059580,Mise_en_forme_des_images,4,,core,overview,1,
frwiki:3110030,frwiki,3110030,Bannissement,4,Q6140266,core,iw_qid,0,
frwiki:3111462,frwiki,3111462,Conventions_sur_les_titres_d'œuvres_de_musique_classique,4,,core,overview,1,
frwiki:3276944,frwiki,3276944,Essai,4,Q15214930,core,overview,1,
frwiki:3295092,frwiki,3295092,Collusion,4,Q10993741,core,overview,1,
frwiki:3429783,frwiki,3429783,Anthropocentrisme,4,,core,overview,1,
frwiki:3470413,frwiki,3470413,Sections_anecdotiques,4,Q5525012,core,iw_qid,0,
frwiki:3546272,frwiki,3546272,Administrateur/Problème,4,Q10818031,core,iw_qid,0,
frwiki:3749305,frwiki,3749305,AbuseFilter,4,Q4582485,core,overview,1,
frwiki:3818226,frwiki,3818226,Exemption_de_blocage_d'IP,4,Q4048709,core,iw_qid,0,
frwiki:3961561,frwiki,3961561,Notoriété_des_arts_visuels,4,,core,overview,1,
frwiki:4021904,frwiki,4021904,Conventions_sur_les_titres_de_personnages_de_la_mythologie_grecque,4,,core,overview,1,
frwiki:4058357,frwiki,4058357,Appropriation_d'un_article,4,Q4663994,core,iw_qid,0,
frwiki:4120943,frwiki,4120943,Guide_pratique,4,,core,overview,1,
frwiki:4135792,frwiki,4135792,Créateur_de_comptes,4,Q4048772,core,overview,1,
frwiki:4225638,frwiki,4225638,Démarchage,4,Q13365390,core,iw_qid,0,
frwiki:4573071,frwiki,4573071,Modificateur_de_filtre_anti-erreur,4,Q13422647,core,iw_qid,0,
frwiki:4647635,frwiki,4647635,Ne_jouez_pas_avec_les_règles,4,Q8917381,core,overview,1,
frwiki:4683645,frwiki,4683645,Requête_aux_administrateurs,4,Q3907246,core,iw_qid,0,
frwiki:4794682,frwiki,4794682,Convention_sur_les_glossaires,4,Q103326994,core,iw_qid,0,
frwiki:4954983,frwiki,4954983,Scission_de_contenu,4,Q10957687,core,overview,1,
frwiki:5168054,frwiki,5168054,Variantes_régionales_du_français,4,Q23901124,core,wikidata,1,
frwiki:5621661,frwiki,5621661,Principe_de_moindre_surprise,4,,core,overview,1,
frwiki:5743336,frwiki,5743336,Sources_fiables,4,Q4663914,core,iw_qid,0,
frwiki:5876682,frwiki,5876682,Contestation_du_statut_d'administrateur,4,Q13382106,core,overview,1,
frwiki:6383381,frwiki,6383381,Parrainage,4,Q3919128,core,iw_qid,0,
frwiki:6452080,frwiki,6452080,Critères_de_suppression_immédiate,4,Q4664109,core,overview,1,
frwiki:6484846,frwiki,6484846,Notoriété,4,Q4657574,core,overview,1,
frwiki:6523259,frwiki,6523259,Notoriété_des_personnes,4,Q4663321,core,iw_qid,0,
frwiki:6583969,frwiki,6583969,Demande_de_purge_d'historique,4,Q4656800,core,iw_qid,0,
frwiki:6627204,frwiki,6627204,Conventions_de_style_(articles_sur_des_sujets_médicaux),4,Q13542643,core,iw_qid,0,
frwiki:6648542,frwiki,6648542,Nouveau_départ,4,Q12126916,core,iw_qid,0,
frwiki:6690998,frwiki,6690998,Importance_disproportionnée,4,Q12142269,core,overview,1,
frwiki:6833534,frwiki,6833534,Exactitude_et_vérité,4,Q15116158,core,overview,1,
frwiki:6835664,frwiki,6835664,Notoriété_des_événements,4,Q7236489,core,iw_qid,0,
frwiki:6842581,frwiki,6842581,Critères_spécifiques_de_notoriété,4,Q15072140,core,overview,1,
frwiki:6985763,frwiki,6985763,Harcèlement,4,Q10971677,core,overview,1,
frwiki:7030666,frwiki,7030666,Gardez_votre_calme,4,Q11152513,core,iw_qid,0,
frwiki:7142284,frwiki,7142284,Diffamation,4,Q4663273,core,iw_qid,0,
frwiki:7180539,frwiki,7180539,Règles_et_recommandations/Comparatif,4,,core,overview,1,
frwiki:7289658,frwiki,7289658,Débat_d'admissibilité,4,Q22897,core,iw_qid,0,
frwiki:7289693,frwiki,7289693,Demande_de_restauration_de_page,4,Q13429672,core,iw_qid,0,
frwiki:7453733,frwiki,7453733,Semi-protection,4,Q8988847,core,overview,1,
frwiki:7464170,frwiki,7464170,Critère_des_deux_ans,4,,core,overview,1,
frwiki:7739743,frwiki,7739743,Que_faire_en_cas_d'urgence_?,4,Q13627492,core,iw_qid,0,
frwiki:8010871,frwiki,8010871,Ne_vous_moquez_pas_du_monde_!,4,Q11116310,core,overview,1,
frwiki:8208406,frwiki,8208406,Le_salon_de_médiation,4,Q4654366,core,iw_qid,0,
frwiki:8419303,frwiki,8419303,Contributions_rémunérées,4,Q20859299,core,overview,1,
frwiki:8605576,frwiki,8605576,Restriction_thématique,4,Q118118434,core,overview,1,
frwiki:9832508,frwiki,9832508,Révocateur,4,Q5148465,core,overview,1,
frwiki:9919824,frwiki,9919824,Semi-protection_étendue,4,Q42533951,core,iw_qid,0,
frwiki:10012699,frwiki,10012699,Contributions_perturbatrices,4,Q13409276,core,iw_qid,0,
frwiki:10396817,frwiki,10396817,Utilisation_de_données_Wikidata_dans_les_articles,4,,core,overview,1,
frwiki:10490430,frwiki,10490430,Notoriété_des_lieux_géographiques,4,Q11099031,core,iw_qid,0,
frwiki:10638915,frwiki,10638915,Ne_créez_pas_de_canulars,4,Q10977489,core,iw_qid,0,
frwiki:10895605,frwiki,10895605,Respect_de_l'obligation_de_transparence_à_vérifier/En_cours,4,Q18147721,core,iw_qid,0,
frwiki:11010234,frwiki,11010234,Nom_d'utilisateur_connu,4,Q67203097,core,overview,1,
frwiki:11877987,frwiki,11877987,Administrateur_d'interface,4,Q55386965,core,overview,1,
frwiki:12036840,frwiki,12036840,Contestation_du_statut_de_bureaucrate,4,,core,overview,1,
frwiki:12283607,frwiki,12283607,Niveaux_de_protection,4,Q4616470,core,iw_qid,0,
frwiki:12441358,frwiki,12441358,Actions_de_modération_de_la_fondation_Wikimédia,4,Q11098188,core,iw_qid,0,
frwiki:12581226,frwiki,12581226,Classement_musical,4,Q15868761,core,iw_qid,0,
frwiki:13939216,frwiki,13939216,Romanisation_de_l'ukrainien,4,Q15945171,core,iw_qid,0,
frwiki:14517641,frwiki,14517641,Pas_de_proxy_ouvert,4,Q4656540,core,iw_qid,0,
frwiki:14921686,frwiki,14921686,Trollage,4,Q5009903,core,iw_qid,0,
frwiki:15736312,frwiki,15736312,Règles_concernant_les_modifications,4,Q8302842,core,iw_qid,0,
frwiki:15788780,frwiki,15788780,Conflit_d'intérêts,4,Q4663309,core,overview,1,
frwiki:16743683,frwiki,16743683,Intelligence_artificielle_générative,4,Q119702818,core,overview,1,
frwiki:16820740,frwiki,16820740,Conventions_sur_les_images,4,Q16745099,core,iw_qid,0,
frwiki:16837148,frwiki,16837148,Visualisateur_d'IP_des_comptes_temporaires,4,Q130323657,core,iw_qid,0,
frwiki:16856294,frwiki,16856294,Compte_temporaire,4,Q130641723,core,iw_qid,0,
eswiki:310,eswiki,310,Bienvenidos,4,Q8990577,core,overview,1,
eswiki:1629,eswiki,1629,Lo_que_Wikipedia_no_es,4,Q4345841,core,overview,1,
eswiki:2131,eswiki,2131,Políticas_y_convenciones,4,Q4656150,core,overview,1,
eswiki:2411,eswiki,2411,Punto_de_vista_neutral,4,Q4656487,core,overview,1,
eswiki:2955,eswiki,2955,Wikipedia_no_es_un_diccionario,4,Q11012189,core,iw_qid,0,
eswiki:3451,eswiki,3451,Derechos_de_autor,4,Q4375196,core,overview,1,
eswiki:5528,eswiki,5528,Esbozo,4,Q4663261,core,overview,1,
eswiki:6504,eswiki,6504,Consultas,4,Q3907025,core,iw_qid,0,
eswiki:6706,eswiki,6706,Revelación_de_la_trama,4,Q5525169,core,iw_qid,0,
eswiki:9804,eswiki,9804,Fusiones,4,Q4664090,core,iw_qid,0,
eswiki:11421,eswiki,11421,Páginas_sospechosas_de_no_neutralidad,4,Q6635285,core,iw_qid,0,
eswiki:21764,eswiki,21764,Convenciones_de_títulos,4,Q3186256,core,overview,1,
eswiki:25767,eswiki,25767,Aviso_médico,4,Q10640396,core,iw_qid,0,
eswiki:25768,eswiki,25768,Manual_de_estilo/Páginas_de_desambiguación,4,Q8783229,core,overview,1,
eswiki:29243,eswiki,29243,Veracidad_discutida,4,Q5617729,core,iw_qid,0,
eswiki:34054,eswiki,34054,Etiqueta,4,Q3621820,core,overview,1,
eswiki:37759,eswiki,37759,Burócratas,4,Q4048515,core,overview,1,
eswiki:39429,eswiki,39429,Política_de_uso_de_imágenes,4,Q6618850,core,overview,1,
eswiki:40326,eswiki,40326,Votaciones,4,Q4657677,core,overview,1,
eswiki:41297,eswiki,41297,Autorizaciones,4,Q8689485,core,overview,1,
eswiki:46826,eswiki,46826,Candidaturas_a_bibliotecario,4,Q4048254,core,overview,1,
eswiki:49395,eswiki,49395,Política_de_protección,4,Q4616470,core,iw_qid,0,
eswiki:97411,eswiki,97411,Vandalismo,4,Q4664011,core,overview,1,
eswiki:115446,eswiki,115446,Restricciones_técnicas_en_títulos,4,Q10416758,core,iw_qid,0,
eswiki:118232,eswiki,118232,Estructura_de_un_artículo,4,Q4663958,core,overview,1,
eswiki:118624,eswiki,118624,Portal,4,Q4663903,core,iw_qid,0,
eswiki:126885,eswiki,126885,No_morder_a_los_novatos,4,Q4657367,core,overview,1,
eswiki:127485,eswiki,127485,Traducciones,4,Q3361708,core,iw_qid,0,
eswiki:129874,eswiki,129874,Nombres_de_usuario,4,Q4664077,core,iw_qid,0,
eswiki:143339,eswiki,143339,Páginas_de_autopromoción,4,Q19363280,core,overview,1,
eswiki:149168,eswiki,149168,Topónimos_de_España,4,Q13308622,core,iw_qid,0,
eswiki:164680,eswiki,164680,Presume_buena_fe,4,Q4663356,core,overview,1,
eswiki:164682,eswiki,164682,Wikipedia_no_es_una_fuente_primaria,4,Q4656524,core,overview,1,
eswiki:164691,eswiki,164691,Cómo_mantenerte_calmado_en_un_conflicto,4,Q11152513,core,overview,1,
eswiki:183294,eswiki,183294,¿Tú_o_usted?,4,,core,overview,1,
eswiki:184009,eswiki,184009,Autobiografía,4,Q4657322,core,iw_qid,0,
eswiki:184404,eswiki,184404,Artículos_sin_relevancia_aparente,4,Q4657574,core,overview,1,
eswiki:195220,eswiki,195220,Enlaces_externos,4,Q4657623,core,overview,1,
eswiki:204964,eswiki,204964,Guerra_de_ediciones,4,Q4759272,core,overview,1,
eswiki:205141,eswiki,205141,No_sabotees_Wikipedia_para_respaldar_tus_argumentos,4,Q4657775,core,overview,1,
eswiki:221543,eswiki,221543,Verificabilidad,4,Q79951,core,overview,1,
eswiki:237284,eswiki,237284,Política_de_privacidad,4,Q4994089,core,iw_qid,0,
eswiki:252878,eswiki,252878,Semiprotección_de_páginas,4,Q8988847,core,iw_qid,0,
eswiki:256042,eswiki,256042,Manual_de_estilo/Artículos_relacionados_con_Japón,4,Q14360534,core,iw_qid,0,
eswiki:266806,eswiki,266806,Página_de_usuario,4,Q4592334,core,overview,1,
eswiki:268817,eswiki,268817,Regla_de_las_tres_reversiones,4,Q4656567,core,iw_qid,0,
eswiki:309484,eswiki,309484,Etiquetas_de_usuario,4,Q4657797,core,iw_qid,0,
eswiki:316672,eswiki,316672,Los_cinco_pilares,4,Q4656249,core,overview,1,
eswiki:333748,eswiki,333748,Ignora_las_normas,4,Q4656211,core,overview,1,
eswiki:334495,eswiki,334495,Usa_el_sentido_común,4,Q10987695,core,overview,1,
eswiki:367700,eswiki,367700,Civismo,4,Q4654593,core,overview,1,
eswiki:368964,eswiki,368964,No_hagas_ataques_personales,4,Q4654725,core,overview,1,
eswiki:371039,eswiki,371039,Spam,4,Q8915865,core,overview,1,
eswiki:372191,eswiki,372191,Propuesta_de_política_de_bloqueo,4,Q175291,core,overview,1,
eswiki:375493,eswiki,375493,Bibliotecarios,4,Q4039395,core,overview,1,
eswiki:379746,eswiki,379746,Tamaño_de_los_artículos,4,Q4657380,core,iw_qid,0,
eswiki:384003,eswiki,384003,Propuesta_de_política_de_suspensión,4,Q6140266,core,iw_qid,0,
eswiki:448018,eswiki,448018,Checkusers,4,Q4049038,core,iw_qid,0,
eswiki:474250,eswiki,474250,Texto_de_la_Licencia_de_documentación_libre_de_GNU,4,Q5829664,core,iw_qid,0,
eswiki:515303,eswiki,515303,Café/Archivo/Ayuda/Actual,4,Q4026300,core,overview,1,
eswiki:515457,eswiki,515457,Café/Archivo/Políticas/Actual,4,Q3178474,core,overview,1,
eswiki:573133,eswiki,573133,La_enciclopedia_libre,4,Q11022438,core,overview,1,
eswiki:590336,eswiki,590336,Qué_es_un_artículo_bueno,4,Q8978473,core,overview,1,
eswiki:606168,eswiki,606168,Criterios_para_el_borrado_rápido,4,Q4664109,core,overview,1,
eswiki:623205,eswiki,623205,Sé_valiente_al_editar_páginas,4,Q3916099,core,overview,1,
eswiki:634214,eswiki,634214,Usuarios_títeres,4,Q4131621,core,overview,1,
eswiki:659395,eswiki,659395,Evita_juicios_de_valor,4,Q11774040,core,iw_qid,0,
eswiki:677538,eswiki,677538,Programa_de_tutoría,4,Q3919128,core,overview,1,
eswiki:714870,eswiki,714870,Café/Archivo/Propuestas/Actual,4,Q5854231,core,overview,1,
eswiki:832077,eswiki,832077,Propuestas_de_borrado,4,Q10964165,core,iw_qid,0,
eswiki:838359,eswiki,838359,Encuestas,4,Q14339449,core,overview,1,
eswiki:864987,eswiki,864987,Consultas_de_borrado_mediante_argumentación,4,Q22897,core,iw_qid,0,
eswiki:883571,eswiki,883571,Guía_de_borrado_para_los_bibliotecarios,4,Q13417617,core,iw_qid,0,
eswiki:913371,eswiki,913371,Convenciones_de_nombres_(buques),4,Q16028026,core,iw_qid,0,
eswiki:945324,eswiki,945324,Manual_de_estilo/Abreviaturas,4,Q12126069,core,iw_qid,0,
eswiki:994257,eswiki,994257,Ni_una_en_un_millón,4,Q13219453,core,iw_qid,0,
eswiki:1000711,eswiki,1000711,Qué_es_un_artículo_destacado,4,Q5525127,core,overview,1,
eswiki:1005008,eswiki,1005008,Manual_de_estilo,4,Q4994848,core,overview,1,
eswiki:1131750,eswiki,1131750,Palabras_a_evitar,4,Q4663975,core,iw_qid,0,
eswiki:1167880,eswiki,1167880,Biografías_de_personas_vivas,4,Q4663389,core,iw_qid,0,
eswiki:1188861,eswiki,1188861,Reutilización,4,Q11562401,core,iw_qid,0,
eswiki:1217959,eswiki,1217959,Consenso,4,Q4654351,core,iw_qid,0,
eswiki:1243874,eswiki,1243874,Categorización_de_personas,4,Q4656638,core,iw_qid,0,
eswiki:1251136,eswiki,1251136,Limitación_general_de_responsabilidad,4,Q4980478,core,iw_qid,0,
eswiki:1302469,eswiki,1302469,VRT,4,Q4063423,core,iw_qid,0,
eswiki:1381227,eswiki,1381227,Mantenimiento_rápido,4,Q9136557,core,iw_qid,0,
eswiki:1382481,eswiki,1382481,Proceso_de_borrado,4,Q11055873,core,overview,1,
eswiki:1407621,eswiki,1407621,Evita_las_autorreferencias,4,Q11888427,core,overview,1,
eswiki:1462797,eswiki,1462797,Propiedad_de_los_artículos,4,Q4663994,core,iw_qid,0,
eswiki:1551950,eswiki,1551950,Sobrecategorización,4,Q8646596,core,iw_qid,0,
eswiki:1728663,eswiki,1728663,Manual_de_estilo/Secciones_de_curiosidades,4,Q5525012,core,iw_qid,0,
eswiki:1779395,eswiki,1779395,Categorización,4,Q4167836,core,iw_qid,0,
eswiki:1859208,eswiki,1859208,Ficción,4,Q11293678,core,iw_qid,0,
eswiki:1865023,eswiki,1865023,Proselitismo,4,Q13365390,core,iw_qid,0,
eswiki:1882624,eswiki,1882624,Supresores,4,Q4048674,core,overview,1,
eswiki:1984840,eswiki,1984840,Fuentes_fiables,4,Q4663914,core,overview,1,
eswiki:2036109,eswiki,2036109,Sección_introductoria,4,Q10966628,core,iw_qid,0,
eswiki:2069776,eswiki,2069776,Sé_cruel,4,Q12198503,core,iw_qid,0,
eswiki:2196091,eswiki,2196091,Reversores,4,Q5148465,core,iw_qid,0,
eswiki:2211747,eswiki,2211747,Uso_de_listas,4,Q13406463,core,iw_qid,0,
eswiki:2244798,eswiki,2244798,Portal/Directorio,4,Q14605771,core,iw_qid,0,
eswiki:2317743,eswiki,2317743,"Categorías,_listas_y_plantillas_de_navegación",4,Q7512282,core,iw_qid,0,
eswiki:2349888,eswiki,2349888,Modelo_de_artículo_en_ventana_de_edición,4,Q14425584,core,overview,1,
eswiki:2469307,eswiki,2469307,Exentos_de_bloqueo_a_IP,4,Q4048709,core,iw_qid,0,
eswiki:2472127,eswiki,2472127,Tipos_de_usuarios,4,Q4616064,core,overview,1,
eswiki:2621310,eswiki,2621310,Conflicto_de_interés,4,Q4663309,core,iw_qid,0,
eswiki:2716826,eswiki,2716826,Acoso,4,Q10971677,core,iw_qid,0,
eswiki:2772171,eswiki,2772171,Firma_de_usuario,4,Q4663253,core,overview,1,
eswiki:2790781,eswiki,2790781,Manual_de_estilo/Biografías,4,Q4657349,core,iw_qid,0,
eswiki:2902471,eswiki,2902471,Transliteración/Griego,4,Q14698320,core,iw_qid,0,
eswiki:3241309,eswiki,3241309,No_crees_bulos,4,Q10977489,core,iw_qid,0,
eswiki:3508859,eswiki,3508859,Ambigüedad_en_títulos,4,Q118521146,core,iw_qid,0,
eswiki:3586330,eswiki,3586330,Bot,4,Q4048867,core,iw_qid,0,
eswiki:3714464,eswiki,3714464,Revalidación_de_bibliotecarios,4,Q13382106,core,overview,1,
eswiki:3758130,eswiki,3758130,Espacio_de_nombres_Wikipedia,4,Q10973440,core,overview,1,
eswiki:3763822,eswiki,3763822,Filtro_de_ediciones,4,Q4582485,core,iw_qid,0,
eswiki:4153911,eswiki,4153911,Criterio_de_relevancia_en_artículos_biográficos,4,Q4663321,core,iw_qid,0,
eswiki:4240031,eswiki,4240031,Espacio_de_nombres_Ayuda,4,Q11162348,core,overview,1,
eswiki:4266624,eswiki,4266624,Véase_también,4,Q10977665,core,overview,1,
eswiki:4349834,eswiki,4349834,Criterio_de_relevancia_en_artículos_empresariales_y_organizaciones,4,Q7906941,core,iw_qid,0,
eswiki:4619552,eswiki,4619552,Principales_plantillas,4,Q9020451,core,overview,1,
eswiki:4876980,eswiki,4876980,Tablón_de_anuncios_de_los_bibliotecarios/Portal/Archivo/Solicitudes_de_restauración/Actual,4,Q13429672,core,iw_qid,0,
eswiki:4904715,eswiki,4904715,Política_de_bots,4,Q8639023,core,iw_qid,0,
eswiki:5280589,eswiki,5280589,Creadores_de_cuentas,4,Q4048772,core,iw_qid,0,
eswiki:5356838,eswiki,5356838,Convención_sobre_fuentes_de_relevancia_para_artistas_plásticos_contemporáneos,4,Q14011832,core,iw_qid,0,
eswiki:5407625,eswiki,5407625,Referencias,4,Q642335,core,overview,1,
eswiki:6044222,eswiki,6044222,El_artículo_perfecto,4,Q10635892,core,iw_qid,0,
eswiki:6194231,eswiki,6194231,Ediciones_remuneradas,4,Q20859299,core,iw_qid,0,
eswiki:6293987,eswiki,6293987,Manual_de_estilo/Música,4,Q13310316,core,iw_qid,0,
eswiki:6354849,eswiki,6354849,Ediciones_disruptivas,4,Q13409276,core,iw_qid,0,
eswiki:6362511,eswiki,6362511,Política_de_borrado,4,Q5009984,core,iw_qid,0,
eswiki:6431813,eswiki,6431813,Manual_de_estilo/Marcas,4,Q13548084,core,iw_qid,0,
eswiki:6461004,eswiki,6461004,Tablón_de_anuncios_de_los_bibliotecarios,4,Q3907246,core,overview,1,
eswiki:6892741,eswiki,6892741,Plagio,4,Q8085769,core,iw_qid,0,
eswiki:7107695,eswiki,7107695,Propuesta_de_política_sobre_eliminadores,4,Q10862160,core,iw_qid,0,
eswiki:8117223,eswiki,8117223,Manual_de_estilo/Artículos_relacionados_con_Corea,4,Q15868558,core,iw_qid,0,
eswiki:8598723,eswiki,8598723,Administradores_de_interfaz,4,Q55386965,core,iw_qid,0,
eswiki:8847923,eswiki,8847923,Teoría_marginal,4,Q9276887,core,iw_qid,0,
eswiki:9540040,eswiki,9540040,Administradores_de_filtros,4,Q13422647,core,iw_qid,0,
eswiki:9683375,eswiki,9683375,Manejo_de_amenazas,4,Q13627492,core,iw_qid,0,
eswiki:9782314,eswiki,9782314,No_abuses_de_las_reglas_del_sistema,4,Q8917381,core,iw_qid,0,
eswiki:10004223,eswiki,10004223,Convenciones_de_títulos/química,4,Q15868585,core,iw_qid,0,
eswiki:10192954,eswiki,10192954,No_amenaces_con_acciones_legales,4,Q4654415,core,iw_qid,0,
eswiki:10480555,eswiki,10480555,Editores_de_plantillas,4,Q15080994,core,iw_qid,0,
eswiki:10618300,eswiki,10618300,Proxies_abiertos,4,Q4656540,core,iw_qid,0,
eswiki:10998596,eswiki,10998596,Visores_de_IP_de_cuentas_temporales,4,Q130323657,core,iw_qid,0,
eswiki:11294398,eswiki,11294398,Cuentas_temporales,4,Q130641723,core,iw_qid,0,
eswiki:11391018,eswiki,11391018,Redacción_de_artículos_con_modelos_de_lenguaje_grandes,4,Q137217991,core,overview,1,
jawiki:52,jawiki,52,Text_of_GNU_Free_Documentation_License,4,Q5829664,core,overview,1,
jawiki:137,jawiki,137,議論が白熱しても冷静に,4,Q11152513,core,iw_qid,0,
jawiki:200,jawiki,200,著作権/2008年7月13日までの文書対象,4,,core,overview,1,
jawiki:269,jawiki,269,方針とガイドライン,4,Q4656150,core,overview,1,
jawiki:270,jawiki,270,中立的な観点,4,Q4656487,core,overview,1,
jawiki:284,jawiki,284,原典のコピーはしない,4,Q10948878,core,overview,1,
jawiki:325,jawiki,325,記事どうしをつなぐ,4,Q14767226,core,overview,1,
jawiki:334,jawiki,334,記事名の付け方,4,Q3186256,core,overview,1,
jawiki:477,jawiki,477,画像利用の方針,4,Q6618850,core,overview,1,
jawiki:1139,jawiki,1139,Bot,4,Q4048867,core,overview,1,
jawiki:2678,jawiki,2678,ネタバレ,4,Q5525169,core,overview,1,
jawiki:2998,jawiki,2998,各日のスタイルガイド,4,Q15125252,core,overview,1,
jawiki:3170,jawiki,3170,ページの編集は大胆に,4,Q3916099,core,overview,1,
jawiki:3253,jawiki,3253,署名,4,Q4663253,core,overview,1,
jawiki:3260,jawiki,3260,削除の方針,4,Q5009984,core,overview,1,
jawiki:3468,jawiki,3468,エチケット,4,Q3621820,core,overview,1,
jawiki:4409,jawiki,4409,管理者,4,Q4039395,core,overview,1,
jawiki:5349,jawiki,5349,各年のスタイルガイド,4,,core,overview,1,
jawiki:9453,jawiki,9453,ウィキペディアは辞書ではありません,4,Q11012189,core,iw_qid,0,
jawiki:12289,jawiki,12289,一覧記事,4,Q21484011,core,iw_qid,0,
jawiki:20041,jawiki,20041,すぐに古くなる表現は使わない,4,Q90797683,core,overview,1,
jawiki:20630,jawiki,20630,ルールすべてを無視しなさい,4,Q4656211,core,iw_qid,0,
jawiki:22349,jawiki,22349,個人攻撃はしない,4,Q4654725,core,overview,1,
jawiki:26066,jawiki,26066,作品リスト,4,Q11114424,core,iw_qid,0,
jawiki:28894,jawiki,28894,完璧な記事,4,Q10635892,core,iw_qid,0,
jawiki:29632,jawiki,29632,リダイレクト,4,Q4832177,core,overview,1,
jawiki:30102,jawiki,30102,スタイルマニュアル/人物伝,4,Q4657349,core,overview,1,
jawiki:31081,jawiki,31081,説明責任,4,Q13405113,core,overview,1,
jawiki:37118,jawiki,37118,投稿ブロックの方針,4,Q175291,core,overview,1,
jawiki:37394,jawiki,37394,スタイルマニュアル/見出し,4,Q13548089,core,overview,1,
jawiki:37855,jawiki,37855,利用者名,4,Q4664077,core,overview,1,
jawiki:41221,jawiki,41221,免責事項,4,Q4980478,core,iw_qid,0,
jawiki:41614,jawiki,41614,無意味な記述,4,Q11022068,core,overview,1,
jawiki:43894,jawiki,43894,管理者への立候補,4,Q4048254,core,iw_qid,0,
jawiki:44113,jawiki,44113,新規参加者を苛めないでください,4,Q4657367,core,overview,1,
jawiki:44368,jawiki,44368,出典を明記する,4,Q642335,core,overview,1,
jawiki:47585,jawiki,47585,論争の解決,4,Q4654667,core,overview,1,
jawiki:58498,jawiki,58498,合意形成,4,Q4654351,core,overview,1,
jawiki:58627,jawiki,58627,ビューロクラット,4,Q4048515,core,iw_qid,0,
jawiki:61283,jawiki,61283,保護の方針,4,Q4616470,core,overview,1,
jawiki:62630,jawiki,62630,表記ガイド,4,Q11243563,core,overview,1,
jawiki:66947,jawiki,66947,管理者への依頼,4,Q3907246,core,iw_qid,0,
jawiki:76100,jawiki,76100,記事の所有権,4,Q4663994,core,overview,1,
jawiki:77096,jawiki,77096,法的な脅迫をしない,4,Q4654415,core,overview,1,
jawiki:77201,jawiki,77201,大言壮語をしない,4,Q11774040,core,overview,1,
jawiki:77301,jawiki,77301,自分自身の記事,4,Q4657322,core,overview,1,
jawiki:86582,jawiki,86582,不快なコンテンツ,4,Q10955086,core,overview,1,
jawiki:86904,jawiki,86904,ウィキペディアへの自己言及,4,Q11888427,core,overview,1,
jawiki:87636,jawiki,87636,正確性に疑問がある記事,4,Q5617729,core,iw_qid,0,
jawiki:96520,jawiki,96520,アルゴリズムの表記法,4,Q15613339,core,iw_qid,0,
jawiki:124631,jawiki,124631,ウィキポータル,4,Q4663903,core,iw_qid,0,
jawiki:134489,jawiki,134489,多重アカウント,4,Q4131621,core,overview,1,
jawiki:156364,jawiki,156364,ページの分割と統合,4,Q4664090,core,overview,1,
jawiki:169222,jawiki,169222,プロジェクト間の移動,4,Q8616001,core,overview,1,
jawiki:190540,jawiki,190540,復帰の方針,4,Q17404436,core,overview,1,
jawiki:201121,jawiki,201121,スタイルマニュアル/導入部,4,Q10966628,core,overview,1,
jawiki:251303,jawiki,251303,削除依頼,4,Q22897,core,iw_qid,0,
jawiki:275577,jawiki,275577,アップロードされたファイルのライセンス,4,,core,overview,1,
jawiki:277345,jawiki,277345,カテゴリの方針,4,Q4167836,core,overview,1,
jawiki:294919,jawiki,294919,投票,4,Q4657677,core,iw_qid,0,
jawiki:299343,jawiki,299343,利用者名変更の方針,4,Q15423918,core,wikidata,1,
jawiki:323652,jawiki,323652,リダイレクト削除の方針,4,,core,overview,1,
jawiki:339608,jawiki,339608,スタブ,4,Q4663261,core,overview,1,
jawiki:371437,jawiki,371437,チェックユーザーの方針,4,Q4049038,core,overview,1,
jawiki:386605,jawiki,386605,著作権で保護されている文章等の引用に関する方針,4,Q8613383,core,overview,1,
jawiki:400952,jawiki,400952,特筆性_(音楽),4,Q4663944,core,overview,1,
jawiki:405974,jawiki,405974,半保護の方針,4,Q8988847,core,overview,1,
jawiki:429114,jawiki,429114,ユーザーボックス,4,Q4657797,core,iw_qid,0,
jawiki:458738,jawiki,458738,アクセシビリティ,4,Q5525713,core,iw_qid,0,
jawiki:461069,jawiki,461069,荒らし,4,Q4664011,core,overview,1,
jawiki:504946,jawiki,504946,関連項目,4,,core,overview,1,
jawiki:505855,jawiki,505855,検証可能性,4,Q79951,core,overview,1,
jawiki:531152,jawiki,531152,善意にとる,4,Q4663356,core,overview,1,
jawiki:531158,jawiki,531158,礼儀を忘れない,4,Q4654593,core,overview,1,
jawiki:534137,jawiki,534137,自著作物の持ち込み,4,Q10986184,core,overview,1,
jawiki:546346,jawiki,546346,追放の方針,4,Q6140266,core,iw_qid,0,
jawiki:548663,jawiki,548663,スリー・リバート・ルール,4,Q4656567,core,overview,1,
jawiki:549232,jawiki,549232,公開プロキシの規制,4,Q4656540,core,overview,1,
jawiki:550972,jawiki,550972,自著作物の持ち込み/削除依頼を出されたら,4,,core,overview,1,
jawiki:573941,jawiki,573941,存命人物の伝記,4,Q4663389,core,overview,1,
jawiki:659019,jawiki,659019,信頼できる情報源,4,Q4663914,core,overview,1,
jawiki:668973,jawiki,668973,即時存続,4,Q9136557,core,overview,1,
jawiki:686740,jawiki,686740,広域ブロック,4,Q14940721,core,overview,1,
jawiki:713140,jawiki,713140,裁定の方針,4,Q4616152,core,iw_qid,0,
jawiki:755016,jawiki,755016,五本の柱,4,Q4656249,core,overview,1,
jawiki:778158,jawiki,778158,外部リンク,4,Q4657623,core,overview,1,
jawiki:793919,jawiki,793919,常識なんてない,4,Q10987695,core,iw_qid,0,
jawiki:835173,jawiki,835173,管理者の解任,4,Q10818031,core,overview,1,
jawiki:855546,jawiki,855546,編集合戦,4,Q4759272,core,iw_qid,0,
jawiki:878692,jawiki,878692,ページの改名,4,Q395887,core,overview,1,
jawiki:947197,jawiki,947197,ウィキペディアは何ではないか,4,Q4345841,core,overview,1,
jawiki:957065,jawiki,957065,名誉毀損,4,Q4663273,core,iw_qid,0,
jawiki:1025443,jawiki,1025443,独自研究は載せない,4,Q4656524,core,overview,1,
jawiki:1039141,jawiki,1039141,雑多な内容を箇条書きした節を避ける,4,Q5525012,core,overview,1,
jawiki:1052201,jawiki,1052201,ヘルプ,4,Q11162348,core,iw_qid,0,
jawiki:1089963,jawiki,1089963,翻訳のガイドライン,4,Q3361708,core,overview,1,
jawiki:1110680,jawiki,1110680,編集方針,4,Q8302842,core,overview,1,
jawiki:1115446,jawiki,1115446,腕ずくで解決しようとしない,4,Q4657775,core,overview,1,
jawiki:1122069,jawiki,1122069,スタイルマニュアル/表,4,Q19339674,core,iw_qid,0,
jawiki:1143095,jawiki,1143095,過剰な内容の整理,4,Q18920731,core,overview,1,
jawiki:1206487,jawiki,1206487,ノートページのガイドライン,4,Q5641607,core,overview,1,
jawiki:1237911,jawiki,1237911,外来語表記法/ウクライナ語,4,Q15945171,core,iw_qid,0,
jawiki:1238038,jawiki,1238038,英語版におけるフリーでないコンテント,4,Q4657739,core,iw_qid,0,
jawiki:1247414,jawiki,1247414,テンプレートのサンドボックスとテストケース,4,Q6697159,core,overview,1,
jawiki:1254094,jawiki,1254094,影響が特に大きいテンプレート,4,Q11774053,core,overview,1,
jawiki:1255825,jawiki,1255825,雪玉条項,4,Q13219453,core,iw_qid,0,
jawiki:1291375,jawiki,1291375,特筆性_(組織),4,Q7906941,core,iw_qid,0,
jawiki:1292527,jawiki,1292527,特筆性_(ウェブ),4,Q4663933,core,iw_qid,0,
jawiki:1297463,jawiki,1297463,屋外美術を被写体とする写真の利用方針,4,Q17024296,core,overview,1,
jawiki:1329099,jawiki,1329099,ハットノート,4,Q20706711,core,overview,1,
jawiki:1347524,jawiki,1347524,ウィキメディア・プロジェクト,4,Q10823887,core,iw_qid,0,
jawiki:1349345,jawiki,1349345,常に要約欄に記入する,4,Q15408491,core,overview,1,
jawiki:1351447,jawiki,1351447,赤リンク,4,Q13417974,core,iw_qid,0,
jawiki:1352861,jawiki,1352861,勧誘行為,4,Q13365390,core,iw_qid,0,
jawiki:1381924,jawiki,1381924,フリーでないコンテントの使用基準,4,Q4391089,core,iw_qid,0,
jawiki:1451789,jawiki,1451789,著作権/履歴の保存,4,,core,overview,1,
jawiki:1457543,jawiki,1457543,独立記事作成の目安,4,Q4657574,core,overview,1,
jawiki:1463598,jawiki,1463598,スタイルマニュアル/レイアウト,4,Q4663958,core,overview,1,
jawiki:1463611,jawiki,1463611,プロジェクト関連文書,4,Q6539942,core,overview,1,
jawiki:1464158,jawiki,1464158,素晴らしい記事を書くには,4,Q10973854,core,iw_qid,0,
jawiki:1467338,jawiki,1467338,著作権侵害への対処,4,Q10990487,core,iw_qid,0,
jawiki:1499156,jawiki,1499156,著作権,4,Q4375196,core,overview,1,
jawiki:1542095,jawiki,1542095,曖昧さ回避,4,Q118521146,core,overview,1,
jawiki:1561887,jawiki,1561887,記事名の付け方/鉄道,4,Q18180788,core,overview,1,
jawiki:1646528,jawiki,1646528,即時削除の方針,4,Q4664109,core,overview,1,
jawiki:1664230,jawiki,1664230,提案削除,4,Q10964165,core,iw_qid,0,
jawiki:1772005,jawiki,1772005,IPブロック適用除外,4,Q4048709,core,overview,1,
jawiki:1777577,jawiki,1777577,投稿ブロックへの異議申し立て,4,Q13360396,core,iw_qid,0,
jawiki:1807070,jawiki,1807070,医療に関する免責事項,4,Q10640396,core,iw_qid,0,
jawiki:1825521,jawiki,1825521,スタイルマニュアル/フィクション関連,4,Q11293678,core,overview,1,
jawiki:1845340,jawiki,1845340,スタイルマニュアル,4,Q4994848,core,overview,1,
jawiki:1862937,jawiki,1862937,利用者,4,Q4616064,core,iw_qid,0,
jawiki:1863958,jawiki,1863958,編集フィルター,4,Q4582485,core,iw_qid,0,
jawiki:1865690,jawiki,1865690,規則の概要,4,Q10950140,core,iw_qid,0,
jawiki:1889427,jawiki,1889427,特筆性_(書籍),4,Q11889184,core,iw_qid,0,
jawiki:1940126,jawiki,1940126,Good_article_criteria,4,Q8978473,core,iw_qid,0,
jawiki:1948088,jawiki,1948088,記事に免責事項を載せない,4,Q14360366,core,iw_qid,0,
jawiki:1961283,jawiki,1961283,関連作品,4,,core,overview,1,
jawiki:2000998,jawiki,2000998,過剰なカテゴライズ,4,Q8646596,core,overview,1,
jawiki:2039095,jawiki,2039095,事務局行動,4,Q11098188,core,iw_qid,0,
jawiki:2053763,jawiki,2053763,特筆性_(人物),4,Q4663321,core,iw_qid,0,
jawiki:2093539,jawiki,2093539,版指定削除,4,Q4656800,core,iw_qid,0,
jawiki:2103649,jawiki,2103649,版指定削除の方針,4,,core,overview,1,
jawiki:2163508,jawiki,2163508,編集フィルター編集者,4,Q13422647,core,iw_qid,0,
jawiki:2231346,jawiki,2231346,ショートカット,4,Q620197,core,iw_qid,0,
jawiki:2279176,jawiki,2279176,ウィキペディアは何ではないか/ファンサイト,4,Q15116145,core,iw_qid,0,
jawiki:2307963,jawiki,2307963,問い合わせ対応ボランティアチーム,4,Q4063423,core,iw_qid,0,
jawiki:2308214,jawiki,2308214,巻き戻し者,4,Q5148465,core,overview,1,
jawiki:2308215,jawiki,2308215,削除者,4,Q10862160,core,overview,1,
jawiki:2322866,jawiki,2322866,オーバーサイト依頼,4,Q9136332,core,overview,1,
jawiki:2323602,jawiki,2323602,オーバーサイトの方針,4,Q4048674,core,overview,1,
jawiki:2386828,jawiki,2386828,存命人物の提案削除,4,Q47013094,core,iw_qid,0,
jawiki:2387879,jawiki,2387879,攻撃ページ,4,Q14360533,core,iw_qid,0,
jawiki:2392629,jawiki,2392629,箇条書き,4,Q13359562,core,overview,1,
jawiki:2497943,jawiki,2497943,剽窃,4,Q8085769,core,iw_qid,0,
jawiki:2508180,jawiki,2508180,あらすじの書き方,4,Q15868263,core,overview,1,
jawiki:2509653,jawiki,2509653,言葉を濁さない,4,Q4663975,core,overview,1,
jawiki:2536331,jawiki,2536331,ウィキペディア内でのコピー,4,Q10729797,core,iw_qid,0,
jawiki:2548329,jawiki,2548329,調停,4,Q4654366,core,iw_qid,0,
jawiki:2608757,jawiki,2608757,調べもの案内,4,Q3907025,core,iw_qid,0,
jawiki:2622002,jawiki,2622002,ウィキペディアを二次利用する,4,Q11562401,core,iw_qid,0,
jawiki:2632960,jawiki,2632960,サマリースタイル,4,Q4664121,core,overview,1,
jawiki:2720070,jawiki,2720070,即時版指定削除の方針,4,Q96622938,core,overview,1,
jawiki:2807264,jawiki,2807264,色の使用,4,,core,overview,1,
jawiki:2880627,jawiki,2880627,日本で著作権が消滅し、米国で著作権が消滅していない画像の利用方針,4,Q99602657,core,overview,1,
jawiki:2884114,jawiki,2884114,再出発の方針,4,Q12126916,core,iw_qid,0,
jawiki:2951952,jawiki,2951952,記事名の付け方/ヨーロッパ貴族の記事名,4,,core,overview,1,
jawiki:2965540,jawiki,2965540,表記ガイド/放送関連および配信関連,4,,core,overview,1,
jawiki:3073087,jawiki,3073087,規則の悪用,4,Q8917381,core,iw_qid,0,
jawiki:3073089,jawiki,3073089,妨害的編集,4,Q13409276,core,iw_qid,0,
jawiki:3187780,jawiki,3187780,秀逸な記事/秀逸な記事の目安,4,Q5525127,core,iw_qid,0,
jawiki:3239014,jawiki,3239014,専門的な記事も分かり易く,4,Q11774021,core,iw_qid,0,
jawiki:3270221,jawiki,3270221,信頼できる情報源_(医学),4,Q15868266,core,iw_qid,0,
jawiki:3275354,jawiki,3275354,利用者ページ,4,Q4592334,core,overview,1,
jawiki:3362408,jawiki,3362408,アメリカ合衆国以外の国と地域で公表された著作物の著作権について,4,Q131410381,core,iw_qid,0,
jawiki:3434434,jawiki,3434434,アカウント作成者,4,Q4048772,core,overview,1,
jawiki:3580168,jawiki,3580168,プライバシー・ポリシー,4,Q4994089,core,iw_qid,0,
jawiki:3594119,jawiki,3594119,有償の寄稿の開示,4,Q20859299,core,overview,1,
jawiki:3701558,jawiki,3701558,拡張半保護の方針,4,Q42533951,core,overview,1,
jawiki:3715489,jawiki,3715489,編集フィルターのガイドライン,4,,core,overview,1,
jawiki:3745866,jawiki,3745866,アイコン,4,Q13548090,core,overview,1,
jawiki:3941788,jawiki,3941788,インターフェース管理者,4,Q55386965,core,overview,1,
jawiki:3954090,jawiki,3954090,特筆性_(事件),4,Q7236489,core,iw_qid,0,
jawiki:4141177,jawiki,4141177,利用案内,4,Q4026300,core,iw_qid,0,
jawiki:4297924,jawiki,4297924,記事名の付け方/君主の記事名,4,Q14360138,core,iw_qid,0,
jawiki:4357607,jawiki,4357607,フリーな百科事典とは,4,Q11022438,core,iw_qid,0,
jawiki:4972762,jawiki,4972762,利益相反行為,4,Q4663309,core,iw_qid,0,
jawiki:5036833,jawiki,5036833,非主流学説,4,Q9276887,core,iw_qid,0,
jawiki:5101680,jawiki,5101680,仮アカウントIP閲覧者,4,Q130323657,core,iw_qid,0,
jawiki:5122055,jawiki,5122055,コメント依頼,4,Q4654740,core,iw_qid,0,
jawiki:5123297,jawiki,5123297,仮アカウント,4,Q130641723,core,iw_qid,0,
jawiki:5131743,jawiki,5131743,スタイルマニュアル/Infobox,4,Q11168140,core,iw_qid,0,
jawiki:5142170,jawiki,5142170,パスワードの要件,4,Q47471756,core,iw_qid,0,
